id_client, prenom,nom,adresse,mail,telephone
1,Dorian,Clay,5529 Per Av.,vel.arcu@augueSed.com,07 69 84 19 74
2,Tom,Cline,580 Mauris Rd.,Sed.nunc.est@Pellentesquehabitantmorbi.com,08 10 63 03 76
3,Noémie,Salas,782-3962 Nunc Av.,Etiam.laoreet@elitpretium.ca,01 08 20 68 20
4,Élise,Pollard,"P.O. Box 693, 4539 Consequat Av.",sit@pedeCras.ca,07 33 19 40 90
5,Éloïse,Shields,8602 Enim. St.,Suspendisse@Curabiturmassa.ca,01 43 57 45 11
6,Alexia,Briggs,1520 Adipiscing. Road,Sed.congue.elit@egetmagnaSuspendisse.org,06 06 49 99 40
7,Nina,Estrada,8204 Turpis Ave,dis.parturient.montes@vulputaterisusa.co.uk,08 88 63 87 92
8,Mélanie,Zamora,218-6323 Quis St.,et.netus@atortorNunc.co.uk,09 22 58 55 52
9,Gabin,Mosley,562-9964 Hendrerit Rd.,In@diam.net,04 15 48 22 71
10,Léane,Craig,9885 Ipsum Ave,est.vitae.sodales@orcisemeget.edu,08 51 74 65 41
11,Éléna,Aguirre,5771 Cum Road,Donec@dolorFuscemi.org,09 61 56 93 17
12,Gabin,Young,1106 Tortor. St.,urna.Vivamus@diamProindolor.edu,05 90 73 46 51
13,Malo,Whitfield,"3363 Posuere, Av.",Nullam.enim.Sed@maurisSuspendissealiquet.ca,07 07 87 30 25
14,Dylan,Hodges,4769 Fringilla Ave,Fusce.feugiat.Lorem@vitae.org,05 28 50 36 38
15,Lucie,Barnes,"P.O. Box 838, 4651 Consectetuer St.",faucibus@Duisvolutpatnunc.edu,08 70 94 57 40
16,Clément,Norman,"P.O. Box 874, 3068 Fusce Av.",dictum.eleifend@dui.ca,07 62 29 01 74
17,Mélissa,Dickerson,2574 Venenatis St.,Suspendisse@nibhQuisque.org,01 07 45 77 70
18,Victor,Rowe,305-8122 Nisi Av.,Nunc.ullamcorper@Curabiturmassa.ca,06 24 82 47 52
19,Tatiana,Hodges,434-9109 Dui. St.,nibh.enim.gravida@Curabiturvellectus.org,04 51 64 42 98
20,Titouan,Mills,Ap #686-4669 Eleifend Road,Sed.et@estac.co.uk,02 09 78 41 69
21,Louis,Montoya,Ap #343-3277 Cubilia Ave,In@justo.edu,02 16 94 11 16
22,Jérémy,Sims,8850 Rhoncus Rd.,fringilla@Integer.ca,06 80 23 84 26
23,Jade,Mathis,"P.O. Box 597, 3016 Quisque Road",turpis.Nulla.aliquet@vehiculaPellentesquetincidunt.ca,03 56 28 45 92
24,Dylan,Copeland,"P.O. Box 952, 216 Non Avenue",nec.eleifend.non@sempertellusid.net,02 69 72 91 38
25,Zoé,Odom,301-3464 Cum Avenue,aliquam@commodo.net,08 68 13 16 85
26,Eva,Collier,5312 Ullamcorper Rd.,Integer.mollis.Integer@Nam.ca,05 47 80 79 03
27,Antonin,Vinson,"P.O. Box 603, 3246 Dolor Avenue",enim.gravida.sit@accumsan.edu,01 71 00 21 69
28,Mathilde,Combs,4250 Tellus Ave,auctor@magna.edu,06 06 49 98 00
29,Mathieu,Gomez,578-1162 Tristique St.,facilisis.non.bibendum@Vivamussitamet.net,01 84 05 39 89
30,Félix,Jackson,"P.O. Box 256, 4687 Donec Rd.",sagittis@sodalesat.edu,05 74 99 99 39
31,Baptiste,Gallagher,Ap #429-9117 At Street,Cras.dictum.ultricies@tempor.com,06 52 02 27 27
32,Rémi,Baird,"P.O. Box 244, 5424 Commodo Road",enim@lacusNulla.net,04 76 33 04 28
33,Catherine,Wood,116-3444 Non St.,luctus.Curabitur.egestas@sapienNunc.edu,04 21 68 69 45
34,Léonie,Marquez,"8592 Aliquet, Avenue",nunc.sed@duiCras.edu,06 98 46 23 09
35,Tatiana,Gill,Ap #834-4263 Vitae Street,est@tristique.edu,09 28 10 44 80
36,Fanny,Maynard,120-1614 Sit Av.,lobortis@Nullamsuscipitest.com,09 42 14 66 57
37,Grégory,Valentine,"P.O. Box 581, 8594 Accumsan Av.",tempor.est@estMauris.edu,09 89 73 34 83
38,Grégory,Yang,Ap #680-5882 Urna Avenue,consectetuer@cursus.org,06 52 54 55 06
39,Yasmine,Joseph,124-7426 Ut Rd.,velit@eu.ca,06 60 30 23 37
40,Amandine,Soto,"Ap #173-8765 Pede, Street",diam.lorem.auctor@commodotincidunt.co.uk,07 88 56 36 66
41,Noémie,Sutton,Ap #842-7874 Eget Ave,tellus.Phasellus@feugiatnon.net,09 65 34 50 34
42,Valentin,Benson,"P.O. Box 181, 4477 Curae; Street",Morbi@Integer.co.uk,09 62 32 93 19
43,Jeanne,Olsen,"P.O. Box 560, 741 Nisl Road",ut.pellentesque@mifringillami.edu,07 59 54 62 78
44,Samuel,Hardin,"P.O. Box 435, 5054 Quisque Avenue",Lorem.ipsum@feugiatLorem.co.uk,08 70 52 45 08
45,Victor,Pruitt,"P.O. Box 399, 9439 Nisi Av.",rutrum@sit.edu,09 49 75 57 67
46,Catherine,Cannon,547-8166 Ut Avenue,porta@lacus.org,02 26 73 38 95
47,Lorenzo,Russo,9870 Adipiscing Avenue,a.neque.Nullam@purus.co.uk,01 85 35 55 73
48,Zacharis,Lynch,"P.O. Box 809, 493 Donec Avenue",ut.cursus@sodaleseliterat.co.uk,07 44 99 68 17
49,Anna,Shaffer,1568 Mollis. Ave,ac.sem@Sednec.com,05 10 48 79 99
50,Lamia,Le,874-8854 Malesuada Av.,dignissim.tempor@ac.net,05 58 20 83 72
51,Rose,Clarke,"6542 Erat, St.",tempus.risus@famesacturpis.ca,08 65 78 96 78
52,Mathéo,Hartman,"P.O. Box 634, 5400 Praesent St.",eget@Pellentesque.com,05 34 10 15 66
53,Luna,Wynn,989-3564 Lobortis Street,ipsum@ipsumac.com,01 61 43 50 97
54,Élouan,Briggs,Ap #540-4281 Mollis. Street,dictum.placerat.augue@tempus.edu,03 86 86 43 88
55,Bienvenue,Bradley,"P.O. Box 207, 6396 Ornare, Avenue",nisi@facilisismagnatellus.edu,09 26 49 34 34
56,Françoise,Walters,"Ap #630-1981 Ut, St.",mi.tempor@tinciduntaliquamarcu.co.uk,08 22 99 78 90
57,Davy,Mckinney,8817 Neque. St.,Nunc@ametante.ca,04 94 50 78 56
58,Chaïma,Burke,Ap #210-5693 Tortor. St.,Nam.nulla.magna@loremvehiculaet.net,02 92 42 70 14
59,Mohamed,Mccoy,"P.O. Box 240, 5645 Hendrerit Avenue",nec@risusNulla.com,01 57 32 02 17
60,Timothée,Fuentes,Ap #641-3936 A Ave,a.scelerisque.sed@ullamcorperDuis.ca,07 77 09 24 86
61,Evan,Goodwin,Ap #660-7813 Sem. Av.,Cum.sociis@cursusluctus.ca,09 69 01 64 01
62,Anaël,Mooney,"P.O. Box 640, 9488 Euismod Street",fermentum.arcu.Vestibulum@egetlaoreet.net,01 22 06 72 86
63,Mathéo,Vazquez,Ap #318-9829 Nibh Ave,orci@ac.org,06 14 19 30 71
64,Tristan,Cannon,427-2137 Lectus St.,netus.et@parturientmontesnascetur.com,04 87 02 98 57
65,Fanny,Wiley,Ap #966-5807 Curae; Rd.,et@Cras.edu,03 01 82 79 81
66,Lilian,Cervantes,"P.O. Box 385, 2981 Donec Street",a.scelerisque.sed@ipsum.com,04 85 36 64 47
67,Loane,Mccray,"P.O. Box 683, 7224 Mollis Av.",in.consectetuer@Aeneaneuismod.org,01 09 74 56 38
68,Louise,Larsen,631-8105 Rhoncus. Road,lorem@inmagnaPhasellus.edu,07 38 56 52 35
69,Mathis,Benson,"P.O. Box 643, 1444 Euismod Street",ridiculus.mus.Donec@mollisDuis.net,01 31 38 02 55
70,Paul,Boyd,126-9215 Nulla Avenue,odio@massa.co.uk,07 86 96 43 08
71,Kevin,Weber,"P.O. Box 419, 9607 Arcu. Street",consequat@velit.ca,01 00 52 68 22
72,Katell,Bender,"P.O. Box 121, 6914 Posuere Road",Etiam.imperdiet.dictum@quis.ca,04 05 61 89 55
73,Élouan,Crosby,Ap #206-8202 Eu Road,vel@ullamcorper.ca,09 31 66 37 63
74,Yohan,Boyle,1475 Pellentesque. St.,urna@facilisisvitae.com,06 35 00 10 71
75,Tatiana,Vasquez,"Ap #611-5024 Nunc, Rd.",ridiculus.mus@mollisvitae.org,01 90 57 24 58
76,Élisa,Brewer,"P.O. Box 547, 3835 Integer Rd.",convallis@Nullamfeugiat.co.uk,08 28 74 23 15
77,Bienvenue,Palmer,Ap #598-2832 Parturient Street,mollis@luctus.org,06 03 01 90 22
78,Pierre,Bonner,1415 Dignissim Road,urna.et.arcu@Duissitamet.org,05 94 66 73 55
79,Thibault,Rodgers,Ap #406-9226 Nisl Road,Integer.sem.elit@turpisNullaaliquet.edu,04 40 02 81 21
80,Syrine,Pena,"P.O. Box 922, 1306 Luctus Rd.",Donec@erosProin.edu,02 65 02 69 66
81,Lauriane,Sanders,5131 Tincidunt Rd.,et.magnis@felisorci.net,01 72 72 53 04
82,Margaux,Knowles,"P.O. Box 514, 5734 Et Rd.",laoreet.ipsum@dictumeueleifend.edu,07 67 91 42 95
83,Anaëlle,Carter,Ap #562-5272 Ornare. Road,sit.amet@rutrumeuultrices.com,03 73 75 47 43
84,Juliette,Jones,209-9217 Maecenas Road,mauris.Morbi.non@pede.com,03 84 59 00 39
85,Benjamin,Constant,Ap #806-2407 Fringilla Road,nulla.ante@cursuspurus.co.uk,07 33 19 26 23
86,Bruno,Hatfield,9049 Congue. St.,hymenaeos.Mauris@et.net,03 12 74 42 20
87,Gilbert,Ward,"9452 Lacus, Av.",sem.Pellentesque@auctorvitae.org,03 48 76 70 66
88,Anaël,Garza,1452 A Rd.,lectus.a@duiSuspendisseac.org,03 34 07 89 14
89,Anaël,Christian,Ap #817-9139 A Ave,mattis@Praesent.net,02 38 85 09 35
90,Nathan,Thornton,380 Lectus Rd.,nulla@necmauris.edu,01 37 26 72 46
91,Yasmine,Rosa,Ap #487-6868 Eleifend Street,nec@Integeridmagna.edu,08 42 43 44 74
92,Maxime,Kennedy,668-7124 Et Road,quam.quis@nislarcuiaculis.net,04 07 88 22 92
93,Julie,Lyons,"9886 Vel, Avenue",purus@dui.org,01 07 02 05 20
94,Cloé,Manning,"1192 Erat, St.",velit.in@aclibero.org,01 68 24 87 79
95,Mathéo,Mcbride,5926 Est. Street,urna.suscipit.nonummy@arcuNunc.net,01 47 31 38 02
96,Esteban,Battle,"P.O. Box 108, 8009 Tortor St.",mollis@leoin.edu,08 65 94 95 72
97,Kimberley,Reed,805-7838 Gravida. Street,nec.tellus@varius.net,09 47 89 14 44
98,Clotilde,White,448-8985 Aliquam Ave,nisi.Aenean@ornareelit.org,01 09 20 96 86
99,Robin,Delgado,9867 Donec St.,Vestibulum.ut.eros@consequat.co.uk,01 24 21 77 80
100,Martin,Hickman,9506 Ac Street,a@aduiCras.edu,02 27 38 82 20
101,Lilou,Lee,"1073 Odio, Rd.",at.nisi.Cum@liberomaurisaliquam.ca,04 00 18 30 13
102,Émilie,Contreras,Ap #757-9658 Rhoncus. St.,Morbi.metus@Suspendissealiquet.com,08 60 62 40 43
103,Yasmine,Guy,317-6043 Neque. Av.,tempus.mauris@Integervitaenibh.edu,05 39 91 77 81
104,Yasmine,Reyes,"298-8127 Ut, Street",ipsum@tristiquepharetra.org,07 24 19 39 78
105,Colin,Morales,924-6099 Tellus Av.,nunc.sed@et.ca,02 24 86 26 51
106,Noë,Livingston,Ap #769-6257 Lorem Rd.,diam.dictum@enim.com,04 69 16 71 42
107,Louis,Aguilar,"P.O. Box 397, 4040 Rutrum St.",pharetra@Quisquelibero.com,03 18 64 87 46
108,Yüna,Carr,185-4052 Ac Ave,Duis@Maurismolestiepharetra.co.uk,07 98 87 39 12
109,Solene,Fuller,172-1302 Porttitor Av.,a.sollicitudin@necluctusfelis.edu,02 51 23 47 62
110,Gaspard,Rowland,"P.O. Box 934, 8811 Sem Av.",Suspendisse.sagittis@leoelementum.edu,02 31 80 62 29
111,Zacharis,Beach,"P.O. Box 318, 6978 Augue, Rd.",dolor.Donec@Duisgravida.edu,04 97 11 02 49
112,Simon,Mcdonald,3749 Proin Street,ornare@laciniavitae.org,02 31 23 44 02
113,Julie,Lestange,8497 Et Road,conubia.nostra.per@libero.net,01 73 89 16 46
114,Jules,Floyd,"P.O. Box 829, 5631 Etiam Avenue",ligula.Aenean@egetodio.co.uk,08 12 93 78 67
115,Valentine,Bolton,4786 In Av.,Proin.ultrices@mi.edu,03 90 09 49 94
116,Élouan,Frye,1271 Libero. Rd.,et@egestas.org,06 12 91 33 99
117,Elsa,Manning,296-4072 Duis Ave,Curabitur@temporarcuVestibulum.net,05 83 44 01 34
118,Justine,Beach,"Ap #934-8401 Lorem, Road",et.malesuada.fames@hendrerit.org,07 12 42 53 57
119,Océane,Barry,121-8620 Congue. St.,Donec.nibh@acnullaIn.edu,06 34 47 29 82
120,Julia,Orr,Ap #815-1372 Porttitor St.,sit.amet.consectetuer@erat.net,07 13 91 20 17
121,Marion,Erickson,"P.O. Box 828, 1423 Sit St.",elit.pellentesque.a@accumsanconvallisante.edu,06 46 24 23 82
122,Dorian,Kramer,826 Id Av.,tellus.id@nisi.edu,04 15 31 08 07
123,Eric,Zemmour,Enfer,eric.zemmour@enfer.com,03 32 30 84 88
124,Carla,Ellison,4990 Euismod Rd.,ipsum.dolor@rhoncusProin.org,08 54 08 40 49
125,Inès,Evans,2423 Amet Av.,ante.lectus.convallis@NullaaliquetProin.net,03 38 07 55 42
126,Baptiste,Dixon,Ap #341-3094 Pellentesque Street,turpis@maurisMorbi.com,01 22 43 11 27
127,Gabin,Massey,Ap #783-2455 Enim Ave,consequat.lectus.sit@iaculis.co.uk,01 83 93 39 40
128,Anaïs,Pace,Ap #400-7500 Mi St.,tortor.nibh@Sed.co.uk,06 57 80 92 12
129,Loane,Raymond,Ap #369-6559 Adipiscing. Av.,vitae.semper@hendrerit.co.uk,06 08 40 05 28
130,Timéo,Barlow,Ap #859-4029 Aliquet St.,egestas@dignissim.com,09 18 47 51 43
131,Louis,Guerrero,Ap #890-2491 Ullamcorper. St.,eros@fringillami.net,03 40 63 44 27
132,Julie,Guthrie,Ap #429-7076 Ut St.,ipsum.cursus@nisimagna.edu,04 03 67 80 41
133,Gaspard,Brennan,"P.O. Box 701, 6771 Duis Rd.",odio.tristique.pharetra@Naminterdum.com,01 43 04 98 02
134,Benjamin,Barron,"P.O. Box 513, 7067 Fusce Av.",id.enim.Curabitur@sed.net,04 66 49 60 06
135,Mohamed,Saw,"P.O. Box 508, 7468 Duis Avenue",lorem.tristique.aliquet@etultricesposuere.ca,06 56 92 03 42
136,Arthur,Shannon,546-6810 Nonummy Av.,Pellentesque.tincidunt@Namnulla.com,03 70 87 14 09
137,Syrine,Holcomb,"P.O. Box 939, 3160 Iaculis St.",id.magna@blanditviverra.net,08 25 32 38 65
138,Maïwenn,Schwartz,529-6991 Fusce Rd.,sem.molestie.sodales@rhoncusProinnisl.edu,03 99 39 97 01
139,Laura,Porter,Ap #856-2666 Quis Street,ipsum.sodales.purus@malesuadaIntegerid.com,04 37 56 44 33
140,Tristan,Langley,"3053 Dui, St.",eros@egetvenenatis.co.uk,05 36 24 70 78
141,Lilou,Adkins,"8775 Id, Rd.",diam@nibh.org,06 83 20 41 72
142,Cédric,Lucas,527-1853 Sed Road,feugiat.Sed@at.co.uk,02 18 21 98 58
143,Kevin,Beck,Ap #241-6425 Aliquam St.,gravida.Aliquam.tincidunt@primis.com,01 17 51 70 55
144,Adrien,Nieves,"P.O. Box 771, 4145 Dictum. Avenue",lorem@lacus.ca,01 30 58 72 86
145,Angelina,Harrison,515-9650 Ac Ave,eros.Proin@non.net,03 05 73 02 63
146,Malo,Mosley,"P.O. Box 824, 5540 Integer Ave",vel.venenatis@vitae.net,05 33 46 54 02
147,Kimberley,Justin,"P.O. Box 865, 7811 Consequat, Avenue",est.tempor.bibendum@vehicula.ca,08 52 65 08 11
148,Anaël,Mathews,"8289 A, St.",leo@id.org,02 84 22 24 82
149,Amandine,Ramsey,"P.O. Box 365, 2204 Pede. Av.",dui.Fusce@faucibusMorbi.net,06 19 77 96 99
150,Corentin,Owens,"Ap #111-3924 Cursus, St.",amet@sitametornare.org,06 60 48 34 08
151,Killian,Hahn,Ap #245-9851 Sagittis. St.,orci.consectetuer@etmalesuada.com,07 64 19 79 82
152,Alexandra,Frye,"P.O. Box 626, 2315 Proin Ave",arcu.Sed@magnatellusfaucibus.org,05 59 90 31 09
153,Fanny,Ford,Ap #150-8318 Rhoncus. Road,dis.parturient.montes@posuereatvelit.ca,06 27 37 90 34
154,Léo,Duhamel,Ap #274-9512 Sem St.,Vivamus@Aliquamvulputate.co.uk,08 59 74 21 96
155,Antoine,Serandour,Ap #620-3657 Euismod St.,posuere.vulputate.lacus@placerataugue.net,03 87 53 13 80
156,Tatiana,Castaneda,"P.O. Box 615, 5883 Pharetra Rd.",purus.accumsan@vestibulumneque.net,04 20 61 39 80
157,Margot,Mullins,927-1821 Cum Rd.,luctus.lobortis@auctorMauris.org,01 45 13 48 15
158,Margaux,Castro,3641 Augue Street,nulla@semmollis.net,01 17 34 00 02
159,Timothée,Mckinney,8762 Proin Rd.,semper.erat.in@Maurismolestie.org,06 16 73 80 76
160,Maïlé,Hughes,Ap #717-8030 Posuere Ave,dui.quis@tinciduntdui.com,01 04 25 56 46
161,Lucie,Brewer,"P.O. Box 788, 2417 Nec St.",posuere.cubilia.Curae@Sed.co.uk,01 00 93 48 42
162,Lorenzo,Nguyen,213-9679 Metus Rd.,turpis.nec.mauris@eueratsemper.org,05 69 55 14 75
163,Kimberley,Terrell,8934 Iaculis St.,taciti.sociosqu@cursusdiam.co.uk,04 85 48 48 91
164,Enzo,Weiss,Ap #616-6308 Vestibulum Av.,ridiculus.mus.Proin@fringilla.edu,08 80 93 72 27
165,Lily,Nelson,"6275 Eu, Rd.",nec@lacusvestibulumlorem.co.uk,07 95 94 48 42
166,Killian,Bright,2599 Neque St.,justo.nec@sempertellus.com,01 86 67 12 01
167,Maïlé,Morales,"Ap #575-316 Ornare, St.",metus.Aenean.sed@ligula.co.uk,09 76 65 04 57
168,Thomas,Ellis,402-6761 Metus. St.,tempus@sem.org,02 71 63 47 30
169,Alice,Waller,Ap #883-8863 Nunc Ave,at@lorem.co.uk,07 23 53 50 03
170,Mathéo,Gallegos,"Ap #899-4591 Aliquet, Road",enim.Mauris.quis@vulputate.co.uk,05 03 88 17 13
171,Grégory,Talley,759-8135 Quis Road,Ut.tincidunt.vehicula@magnis.co.uk,09 03 45 97 29
172,Cédric,Whitehead,8212 Ante. Rd.,aliquam.eu@etlacinia.org,05 15 12 35 03
173,Romain,Coleman,"P.O. Box 495, 8143 Mollis Rd.",primis@ipsum.co.uk,03 20 69 99 60
174,Léa,Greene,310-7858 Ad Rd.,ac@duiSuspendisse.org,09 16 01 59 46
175,Yanis,Lawson,7765 Ornare Rd.,in.consequat@ultriciesdignissim.ca,06 77 10 42 86
176,Jérémy,Finch,Ap #348-6473 Eleifend Ave,enim@eleifendCras.com,07 98 81 07 95
177,Davy,David,Ap #101-2868 Fermentum St.,justo.eu.arcu@auguescelerisque.co.uk,01 03 06 48 14
178,Agathe,Mckay,"336-6986 Elementum, St.",nisl@amet.net,06 19 59 35 60
179,Evan,Joseph,2003 Eros Rd.,eleifend.nunc@Aliquamvulputate.net,01 83 86 71 49
180,Noémie,Wilcox,"P.O. Box 956, 5579 Luctus Av.",mauris.Integer.sem@congue.net,09 20 20 34 93
181,Edwige,Weaver,"P.O. Box 300, 465 Lobortis St.",Proin.ultrices.Duis@placeratvelit.edu,09 44 56 94 47
182,Jasmine,Powell,"P.O. Box 539, 8372 Egestas Av.",non.cursus@egettincidunt.net,04 64 50 48 23
183,Mélanie,Crosby,925-6931 Senectus St.,molestie@convallis.com,07 05 69 80 94
184,Macéo,Burch,2785 Fringilla Road,purus@mollis.com,04 72 09 93 47
185,Alexis,Hogan,Ap #820-985 Non Rd.,Mauris@Inornare.net,08 84 20 07 31
186,Thomas,Mcmahon,854-6500 Odio Street,id@ultricesDuisvolutpat.ca,01 33 49 17 36
187,Amélie,Mayer,352-8572 Etiam Road,ut.pellentesque.eget@liberoProinsed.com,06 19 57 00 77
188,Charlotte,Trevino,Ap #130-7053 Sed St.,Proin.dolor@Aliquamgravidamauris.net,03 11 00 56 98
189,Samuel,Goodwin,4517 Parturient St.,urna.Nullam.lobortis@CuraeDonectincidunt.edu,09 11 99 91 18
190,Clotilde,Donovan,932-462 Ipsum Road,nisl.elementum@ametrisusDonec.edu,05 30 21 48 33
191,Mélissa,Blake,"297-9894 Eget, Av.",ac.mi@Etiam.edu,02 66 37 37 92
192,Anabeth,Chase,"Ap #443-1623 Id, St.",scelerisque.scelerisque@faucibusid.edu,04 00 96 74 58
193,Lily,Graham,"P.O. Box 197, 9929 Ac Avenue",nec.diam.Duis@Praesentluctus.com,07 35 68 87 01
194,Dorian,Downs,"P.O. Box 974, 3629 Malesuada Avenue",porttitor.eros.nec@scelerisquesed.org,01 77 65 83 30
195,Lou,Trevino,2973 Orci St.,Aliquam.ornare@utnulla.edu,09 43 08 27 31
196,Killian,Lawson,Ap #307-8345 Vivamus Rd.,Vivamus@utodiovel.co.uk,04 68 98 88 61
197,Lucie,Trujillo,Ap #858-5936 Sit Rd.,Ut.semper.pretium@consequat.ca,03 27 72 74 94
198,Martin,Reese,9827 Conubia Avenue,volutpat@erategetipsum.net,09 51 24 09 44
199,Marion,Owen,542 Accumsan Rd.,Vestibulum.ut@blanditenim.org,01 09 59 29 98
200,Julie,Lestange,Ap #406-6273 Sed Avenue,convallis.erat.eget@ornarelectus.ca,08 17 09 47 97
201,Zacharis,Floyd,618-5408 Nam Avenue,metus.In.nec@quisarcu.ca,03 21 33 87 18
202,Alice,Ortiz,952 Nullam Av.,semper@lectusante.edu,09 24 22 08 40
203,Léon,Mcneil,"P.O. Box 106, 2683 Dictum. Road",sed.turpis.nec@cursus.org,01 40 43 93 44
204,Lina,Gomez,3749 Integer St.,nec.imperdiet.nec@Nulla.org,01 93 02 47 40
205,Solene,Austin,Ap #956-2534 Phasellus St.,sagittis.Nullam@tinciduntduiaugue.net,07 75 56 10 33
206,Julia,Dodson,"P.O. Box 960, 878 Orci St.",Nullam@Sedet.ca,08 49 21 89 62
207,Lou,Becker,"P.O. Box 651, 9069 Est Road",arcu@justofaucibuslectus.co.uk,08 06 11 92 17
208,Elsa,Randolph,169 Eu St.,tincidunt@mattisCraseget.edu,04 10 89 03 53
209,Victor,Alston,"P.O. Box 734, 6663 Massa. Avenue",tortor.nibh.sit@sem.net,02 27 94 03 66
210,Margaux,Mullins,"P.O. Box 173, 7087 Nisi. Rd.",tristique@in.org,01 01 79 28 92
211,Léa,Cunningham,293-8079 Scelerisque Ave,ridiculus@vitae.co.uk,01 80 00 00 72
212,Océane,Neal,208-9618 Fusce Avenue,erat@augue.edu,09 80 64 21 54
213,Félix,David,4771 Dui. Ave,adipiscing.enim.mi@vitaerisus.edu,05 78 34 63 37
214,Baptiste,Wong,1201 Vel St.,ultrices.a@musAenean.com,04 74 37 04 76
215,Dimitri,Garcia,"P.O. Box 548, 8216 Velit Street",quam@massa.co.uk,09 26 33 23 69
216,Noë,Carver,Ap #930-3376 Nullam Ave,rutrum@tellusid.com,07 87 86 82 72
217,Valentine,Cooper,Ap #544-4037 Semper Rd.,congue.turpis.In@DonecegestasAliquam.edu,06 12 84 65 55
218,Gabin,Sullivan,589-4152 Accumsan Road,consectetuer.mauris.id@sapienAenean.net,07 59 90 58 88
219,Capucine,Copeland,7365 Sem Ave,malesuada.augue@Integereulacus.net,01 16 99 58 61
220,Fanny,Lane,Ap #274-5050 Phasellus St.,nascetur.ridiculus.mus@arcuVestibulum.co.uk,08 98 45 95 40
221,Mehdi,Munim,9688 Cras Rd.,Suspendisse.sagittis@ornareplacerat.co.uk,02 29 40 07 16
222,Malik,Nunez,7531 Hendrerit Rd.,a.auctor.non@Namligulaelit.ca,02 76 88 43 77
223,Erwan,Hinton,"P.O. Box 387, 1402 Ultrices Street",Nullam@iaculislacuspede.com,03 04 97 30 61
224,Léonard,Peterson,330-7081 Nulla. Road,felis@fermentumconvallisligula.edu,05 51 15 04 25
225,Noah,Wright,399-3296 Malesuada Av.,ultricies.sem@enim.com,08 55 94 90 83
226,Mohamed,Meyers,"P.O. Box 580, 556 Est Avenue",libero.Proin@eterosProin.com,09 35 12 70 93
227,Lucas,Delacruz,Ap #639-707 Penatibus Street,sagittis.placerat@estMauriseu.org,06 95 07 92 01
228,Tom,Washington,"P.O. Box 470, 721 Nibh Rd.",at.arcu.Vestibulum@risusDonecegestas.org,09 76 32 40 39
229,Amine,George,567-1174 Cras Av.,adipiscing@egetmollislectus.com,03 07 62 69 56
230,Anaïs,Davis,"Ap #795-9662 Nec, St.",lacus.Quisque.imperdiet@musProinvel.edu,01 02 95 18 98
231,Noah,Santana,8709 Risus. Road,mattis@enimSednulla.edu,05 69 72 96 01
232,Mathilde,Porter,710-5043 Lorem Avenue,adipiscing.enim.mi@sedconsequatauctor.edu,09 72 76 77 24
233,Martin,George,402-6170 Aliquam Rd.,risus@sapien.com,07 65 70 25 02
234,Davy,Jimenez,"P.O. Box 167, 817 Magnis Avenue",Sed.nec@necquam.edu,08 04 37 97 20
235,Léane,Tyler,"P.O. Box 227, 6803 Sit Street",eget@sagittisDuis.co.uk,08 33 03 71 77
236,Lola,Farmer,Ap #903-8181 Interdum Av.,nunc.ac.mattis@nequevitae.ca,03 81 78 85 88
237,Kevin,Sullivan,Ap #865-8788 Aliquam St.,dolor@a.edu,04 31 00 76 50
238,Anaïs,Goodwin,"1829 Ornare, Av.",diam@consectetueradipiscingelit.com,03 02 72 21 63
239,Yanis,Horne,8653 Donec Rd.,convallis@iaculis.co.uk,09 28 65 00 90
240,Baptiste,Brown,"P.O. Box 456, 6964 Eu, St.",quis.urna@magna.edu,08 50 02 59 57
241,Eva,Buckner,4602 Eu Avenue,felis.ullamcorper.viverra@pedeCumsociis.org,02 38 09 02 96
242,Mathieu,Key,445-369 Tristique Rd.,diam.lorem@nisiAeneaneget.com,07 08 43 38 43
243,Mathieu,Foreman,452-6630 Libero. Road,quis.tristique.ac@necmetusfacilisis.com,02 36 69 58 23
244,Timéo,Odonnell,"P.O. Box 887, 7965 Nisi St.",semper.auctor@interdumenimnon.edu,08 42 37 54 79
245,Enzo,Sharp,6309 Ornare St.,augue@vitae.co.uk,03 81 96 50 79
246,Jeanne,Shaffer,"P.O. Box 285, 7997 Mus. St.",lorem.eget@semNulla.edu,03 46 55 37 66
247,Evan,Mcfarland,"P.O. Box 321, 7292 Gravida. Rd.",justo.eu@nisiAenean.com,08 13 84 97 55
248,Chaïma,Cherry,2838 Velit. Avenue,erat@ligulaelit.org,09 83 82 50 13
249,Alexia,Solis,"Ap #914-9228 Erat, Rd.",Fusce@viverraMaecenasiaculis.net,03 68 61 01 22
250,Anaëlle,Daniels,589-3843 Vehicula St.,Maecenas@aliquamenim.co.uk,06 15 13 34 16
251,Capucine,Gill,155-1740 Mattis St.,risus.quis.diam@cursusIntegermollis.edu,03 77 95 74 84
252,Macéo,Joyce,5660 Quis Ave,feugiat.nec@semper.com,07 26 76 88 65
253,Anaël,Cantrell,9426 Egestas Av.,eu.lacus@nonummy.com,09 49 67 23 20
254,Hugo,Blankenship,Ap #826-9506 Tellus Av.,risus.Quisque.libero@necurnaet.com,05 68 66 94 56
255,Katell,Ball,7651 Nulla Ave,vehicula@natoquepenatibus.net,06 07 69 68 66
256,Lena,Black,663-889 Nunc St.,adipiscing.Mauris@euaugue.com,02 11 91 47 83
257,Maelys,Farmer,"505-2476 Ornare, Rd.",lorem.eu@orci.co.uk,07 12 04 07 51
258,Clara,Cabrera,Ap #526-1496 A Ave,Integer@Vestibulumante.ca,09 76 08 27 51
259,Noémie,Franco,210-5920 Vehicula. St.,mattis.Integer@molestie.edu,02 30 16 23 34
260,Kevin,Cervantes,Ap #480-883 Neque. Street,tincidunt.vehicula@metusAeneansed.com,09 44 48 21 90
261,Margot,Houston,"P.O. Box 705, 9042 Sem Rd.",nibh.enim.gravida@velitAliquam.ca,05 08 95 88 42
262,Anaïs,Romero,Ap #500-658 Convallis Av.,semper.egestas.urna@musDonec.org,06 62 50 83 07
263,Roméo,Cortez,2076 Est. Av.,sem.ut.dolor@in.org,04 54 87 08 17
264,Chloé,Santos,Ap #407-8723 Ac Av.,diam@etarcuimperdiet.org,08 79 66 81 03
265,Adam,Wallace,846 Sem Rd.,tempor@massalobortisultrices.net,03 43 41 81 76
266,Gabin,Ryan,131-7410 Eleifend St.,vehicula.risus@ornarelectus.com,02 75 78 52 25
267,Lisa,Hill,Ap #688-7729 Lorem St.,ultrices@eunulla.co.uk,09 10 02 80 02
268,Ethan,Hoover,"P.O. Box 195, 7995 Ornare, Avenue",risus.In.mi@sedsemegestas.ca,06 32 76 62 74
269,Evan,Hensley,"P.O. Box 466, 4643 Auctor. Street",vulputate.mauris@semperauctor.org,06 13 45 72 28
270,Benjamin,Wiggins,"P.O. Box 939, 4096 A, Street",cursus.et@etmalesuada.co.uk,01 00 62 80 57
271,Noë,Mccullough,"5594 Ultrices, Street",et.lacinia@inaliquet.com,08 94 30 91 24
272,Corentin,Barrett,215-8087 Pellentesque Rd.,felis.eget@sitamet.ca,07 49 05 81 34
273,Guillemette,Petersen,"P.O. Box 696, 8208 Risus. Rd.",lorem.ipsum.sodales@eratSednunc.com,08 73 17 66 10
274,Léa,Shannon,Ap #900-3243 Vitae Street,Nulla.semper.tellus@nunc.com,02 15 40 17 66
275,Maryam,Stewart,Ap #965-4254 Enim. Ave,augue.Sed@venenatisa.org,05 35 30 40 59
276,Loane,Pratt,772-2999 Urna. Avenue,Aliquam.gravida@malesuadavel.com,04 40 71 08 30
277,Gabriel,Djibril,1465 Morbi Rd.,Aliquam.erat@Nullamsuscipit.ca,05 63 85 35 41
278,Catherine,Marshall,7396 Arcu Road,massa.rutrum.magna@Nullam.com,08 32 47 62 49
279,Fanny,Barry,"P.O. Box 717, 4360 Tempor Road",Quisque.tincidunt.pede@consequat.edu,07 82 37 72 96
280,Timothée,Gay,"P.O. Box 459, 2455 Nibh Street",diam.Duis.mi@Donecnibh.co.uk,01 91 47 58 51
281,Florian,Oneill,"Ap #536-8302 Lorem, St.",montes.nascetur.ridiculus@a.ca,04 16 78 73 29
282,Julia,Melton,Ap #976-7546 In Ave,pede.malesuada@hendreritconsectetuer.org,01 21 67 36 42
283,Henri,Matthis,"Ap #114-8965 At, Street",et.malesuada@pedePraesenteu.org,01 24 32 56 48
284,Louise,Labé,839-4036 Lacus. Ave,vulputate@dolor.edu,01 96 77 15 72
285,Cain,Abel,520-2750 Nulla Av.,vulputate.eu.odio@quislectus.org,04 50 23 90 65
286,Yüna,Carney,"555-6571 Lorem, St.",In.at.pede@consequatlectussit.co.uk,05 70 81 17 40
287,Clémence,Mcdaniel,Ap #157-4231 Ultrices Road,Sed.dictum.Proin@miDuisrisus.ca,08 58 39 24 89
288,Syrine,Ferrell,454-5961 Varius St.,vel.sapien@gravida.net,09 66 58 20 57
289,Lorenzo,Rodriquez,Ap #721-5807 Ridiculus Av.,enim.mi.tempor@Fuscedolor.co.uk,09 62 02 70 34
290,Erwan,Fields,148 Dapibus Avenue,magna@egestasascelerisque.com,09 69 69 46 11
291,Françoise,Hoover,"P.O. Box 760, 5076 Fringilla Road",tincidunt.neque.vitae@elit.com,05 23 70 28 33
292,Gabin,Underwood,"P.O. Box 398, 5757 Rutrum, Rd.",pharetra.felis.eget@eutellus.co.uk,08 86 87 69 30
293,Malik,Langley,"P.O. Box 674, 9076 Sed Rd.",mollis@nislNulla.com,02 04 62 16 01
294,Fanny,Fitzpatrick,"3664 Vulputate, Street",tellus@semperpretiumneque.com,06 26 04 92 42
295,Malo,Kidd,6843 Dui. St.,Suspendisse.tristique@intempuseu.com,07 32 52 89 99
296,Solene,Villarreal,Ap #225-1879 Nec Avenue,nisl.elementum.purus@feugiatnon.org,04 36 91 13 08
297,Paul,Verlaine,527-5795 Porta St.,ullamcorper@pede.ca,05 92 70 71 70
298,Macéo,West,8671 Justo Avenue,convallis.est.vitae@consequat.ca,03 93 85 88 46
299,Dimitri,Key,2743 Vitae St.,accumsan.convallis.ante@Aeneansedpede.org,09 68 99 62 95
300,Louise,Rogers,"P.O. Box 970, 4663 Ante St.",Phasellus@egestasSedpharetra.ca,06 81 60 45 78
301,Lutécia,Ferguson,613 At Rd.,Pellentesque@nonummyutmolestie.net,09 01 52 91 13
302,Louna,Hester,370-6782 Augue Rd.,vel.vulputate@leo.org,06 14 31 96 53
303,Maryam,Watkins,212-6327 Lorem Ave,sit@Nullasempertellus.co.uk,09 21 53 58 90
304,Thomas,Wiggins,1012 Egestas. Avenue,diam.Duis.mi@ligulaelit.co.uk,07 46 28 74 99
305,Charlotte,Brontë,Paradis,charlotte.bronte@paradis.com,07 77 77 77 77
306,Émilie,Jordan,"P.O. Box 101, 9274 Quis, Road",sodales@ligulaAenean.org,04 43 75 48 41
307,Alexandra,Park,Ap #105-9832 Faucibus St.,egestas@nulla.edu,08 22 30 79 78
308,Antoine,Lewis,Ap #333-7233 Sed Ave,penatibus.et.magnis@feugiat.org,07 54 45 45 98
309,Alexis,Gilmore,185-2424 Elit Avenue,Fusce.aliquam.enim@luctusetultrices.edu,03 30 04 67 40
310,Maëlle,Holden,8838 Eu Av.,sem.consequat@mollislectus.org,08 48 46 40 92
311,Lauriane,Buckley,Ap #778-5335 Dui Rd.,ante@Quisquetincidunt.edu,02 70 48 14 76
312,Evan,Anthony,Ap #526-1030 Vel Rd.,eu.augue@orci.net,03 23 49 97 11
313,Paul,Wyatt,"1294 Tempor, Avenue",hendrerit.consectetuer@malesuadaaugue.net,05 66 50 13 31
314,Lina,Hebert,Ap #486-4066 Orci Av.,eu@Donec.edu,06 08 30 82 06
315,Cloé,Blanchard,"P.O. Box 581, 9707 Fermentum Av.",Fusce.aliquam@odioauctor.net,06 17 43 44 87
316,Amélie,Underwood,Ap #699-249 Elementum Ave,et@convallis.co.uk,04 18 51 27 64
317,Théo,Ingram,"P.O. Box 421, 6477 Ac St.",ac.mi@nibhenimgravida.com,05 85 31 28 12
318,Baptiste,Stein,394-7572 At Avenue,massa@hendreritaarcu.org,06 95 12 87 45
319,Carla,Ortega,Ap #599-4615 Lorem St.,egestas@malesuada.co.uk,06 06 34 89 05
320,Antoine,Henry,"P.O. Box 160, 6317 Aenean Rd.",tristique.pellentesque@felis.com,02 53 70 65 32
321,Lauriane,Colon,"P.O. Box 561, 4787 Hendrerit Av.",Nam.ligula.elit@auctornonfeugiat.com,04 57 59 11 55
322,Sarah,Britt,"P.O. Box 354, 3271 Nunc St.",velit.eu.sem@in.co.uk,03 36 91 36 77
323,Jordan,Parks,1615 Arcu. Street,risus.odio@dignissimpharetra.ca,03 93 67 63 05
324,Esteban,Dejesus,1163 Scelerisque Rd.,arcu@sodales.co.uk,07 97 88 49 83
325,Laura,Wagner,2265 Urna St.,varius@acrisus.edu,01 94 89 09 82
326,Katell,Sweet,"P.O. Box 751, 2112 Hymenaeos. Avenue",mauris@nuncullamcorpereu.ca,03 81 00 96 01
327,Ethan,Nguyen,"P.O. Box 181, 9577 Suspendisse Ave",dui@Cum.com,07 13 04 75 75
328,Jérémy,Lowery,872-7448 Ultrices Rd.,sodales@pedeblandit.co.uk,08 29 74 39 64
329,Célia,Fuentes,6843 Torquent Avenue,dis.parturient@sitametconsectetuer.com,02 53 02 35 43
330,Antonin,White,"P.O. Box 736, 8702 Quam Av.",nonummy@sitametultricies.net,07 89 72 17 69
331,Maxence,Bailey,"P.O. Box 920, 5938 Ac Ave",libero@urnaetarcu.co.uk,01 99 28 43 00
332,Katell,Knight,"P.O. Box 393, 9158 Ullamcorper, Avenue",ipsum.Donec.sollicitudin@massa.co.uk,04 71 54 10 78
333,Salomé,Gutierrez,"P.O. Box 709, 9998 Pellentesque Av.",Donec.at@risusodioauctor.co.uk,04 42 96 42 90
334,Kylian,Potter,802-5335 Ipsum Ave,eu.tellus.eu@iaculis.ca,08 62 35 07 65
335,Solene,Sparks,978-8734 Fermentum Rd.,penatibus.et@utodio.net,02 60 09 07 65
336,Justine,Hogan,"986-7006 Amet, Rd.",justo@miDuis.edu,03 42 61 50 93
337,Harry,Potter,"P.O. Box 683, 2773 Tellus. Rd.",odio.Etiam.ligula@rhoncusDonec.edu,07 45 85 28 04
338,Aaron,Hendrix,"P.O. Box 337, 5492 Feugiat Rd.",eu.ultrices@Seddiam.com,07 96 63 21 66
339,Yasmine,Floyd,498-8275 Phasellus Rd.,laoreet@acmattis.co.uk,02 12 13 22 16
340,Julie,Christensen,"P.O. Box 848, 5024 Proin St.",adipiscing.lacus@volutpatornarefacilisis.org,02 26 85 50 95
341,Margaux,Roy,"P.O. Box 887, 9829 Lacinia St.",dolor.Nulla.semper@Vivamusnisi.ca,07 34 87 46 10
342,Anaël,Tran,"P.O. Box 101, 8331 Ornare Avenue",Duis@quislectus.co.uk,08 11 95 47 10
343,Amine,Flowers,122-5116 Purus Avenue,Nullam.velit.dui@ametorciUt.edu,04 98 28 39 74
344,Rémi,Harrell,"P.O. Box 538, 3366 Nulla. Rd.",Nam@MorbimetusVivamus.ca,09 05 42 55 43
345,Noë,Woodward,"P.O. Box 724, 3200 Vivamus Street",ullamcorper@nibhsitamet.net,04 48 73 59 36
346,Célia,Figueroa,"P.O. Box 834, 7700 Vulputate Ave",tellus@auguemalesuada.ca,03 53 70 53 59
347,Émile,Shields,Ap #932-1638 Mus. Ave,sapien.imperdiet@metus.co.uk,05 41 87 24 79
348,Alexia,Holman,7018 Eleifend St.,lorem@parturientmontes.edu,09 53 42 08 04
349,Maïlé,Ward,192 Sed Rd.,fermentum.metus@euismod.ca,09 50 92 46 07
350,Nolan,Talley,"P.O. Box 854, 6312 Nec Ave",interdum.Sed.auctor@justonec.co.uk,03 96 76 66 93
351,Evan,Hatfield,Ap #523-3538 Euismod Rd.,massa@Cras.edu,08 49 65 37 62
352,Léon,Mann,"P.O. Box 726, 9511 Luctus, Ave",eleifend.Cras.sed@semperpretium.co.uk,09 95 97 29 40
353,Adrian,Doyle,3449 Morbi Av.,et.lacinia.vitae@nequeet.ca,09 80 68 49 19
354,Ambre,Dotson,"Ap #456-8802 Vulputate, Rd.",non.luctus.sit@Vestibulumaccumsanneque.org,02 94 85 21 30
355,Tristan,Lane,Ap #342-3276 Enim St.,nisl.sem@Namac.com,08 23 17 91 44
356,Tristan,Tanner,329-5311 Egestas Street,in@sociisnatoquepenatibus.com,05 78 66 23 72
357,Rose,Snyder,"8376 A, Av.",Morbi.quis@Sed.net,04 82 65 90 29
358,Kylian,Guerra,Ap #271-5133 Diam Av.,lobortis@et.net,07 17 84 04 76
359,Lou,Holden,684-3956 Non Road,non@interdumCurabitur.co.uk,06 76 71 47 83
360,Timéo,Day,342-9236 Ligula Avenue,Cras.interdum.Nunc@Aliquam.edu,08 67 01 16 08
361,Nina,Mcdowell,3543 Dignissim Street,velit.eget@necmauris.com,08 99 44 95 36
362,Roméo,Juliette,975 Et Avenue,romeo.juliette@gmail.com,06 23 44 78 95
363,Marguerite,Julien,174-5350 Nibh. St.,marguerite.julien@gmail.com,01 65 22 62 34
364,Adrien,Eaton,"P.O. Box 954, 1572 Dictum Rd.",a@tincidunt.ca,06 50 35 33 51
365,Yüna,Chapman,645-8881 Aliquam Ave,eros.non.enim@convallis.org,07 19 14 92 97
366,Quentin,Macias,666-336 Eleifend Street,ac.risus@Nunc.co.uk,07 05 74 45 52
367,Katell,Harrison,Ap #988-2530 Parturient Rd.,ornare@montes.net,06 73 00 89 91
368,Lamia,Stewart,489-5479 Libero. St.,Nunc.sollicitudin.commodo@Nunc.co.uk,09 45 38 26 18
369,Mélanie,Torres,760-7689 Id Rd.,elit@interdumSedauctor.org,05 54 16 89 12
370,Clara,Hodges,"P.O. Box 601, 8132 Interdum Rd.",non.lacinia@metusvitaevelit.com,04 22 10 33 30
371,Arthur,Medina,"P.O. Box 179, 3041 Eget, Road",nibh.Donec.est@lacus.net,05 73 91 71 87
372,Fanny,Moody,"P.O. Box 581, 8094 Nec, Av.",ut@pedePraesenteu.co.uk,06 81 16 62 89
373,Jeanne,Carrillo,2556 Aliquam Rd.,augue@tellusAeneanegestas.com,07 04 30 34 59
374,Anaël,Pollard,"P.O. Box 243, 3588 Pellentesque Rd.",sagittis.Duis.gravida@cubiliaCuraeDonec.co.uk,09 57 18 15 97
375,Candice,Knowles,Ap #115-8147 Nam Street,neque.Sed@Namconsequatdolor.org,01 92 27 58 27
376,Amandine,Howe,Ap #334-2273 Purus. Street,sem@loremvehiculaet.org,06 19 20 07 81
377,Clémence,Walsh,"P.O. Box 269, 6434 Pharetra St.",diam.dictum.sapien@euturpis.net,03 27 94 70 93
378,Marwane,Sawyer,"P.O. Box 161, 835 Ut Rd.",amet.luctus.vulputate@enim.edu,03 11 79 01 66
379,Paul,Torres,"P.O. Box 649, 3540 Mi St.",egestas.Sed.pharetra@necmalesuada.edu,03 22 33 73 66
380,Kylian,Stuart,"502-8381 Sapien, Avenue",felis@luctus.edu,03 65 83 27 55
381,Gabin,Hodges,775-5628 Morbi St.,velit.in@molestieSedid.ca,07 71 30 07 89
382,Erwan,Herrera,711-8334 Ante Street,quis.diam@nuncullamcorper.org,07 82 50 59 13
383,Lutécia,Fry,Ap #192-9502 Adipiscing Avenue,dui@eutemporerat.edu,01 78 55 69 05
384,Alicia,Stanton,627-5078 Aliquam Ave,in.consectetuer.ipsum@congue.com,09 47 06 49 43
385,Alexandra,Warner,"Ap #126-6826 Enim, St.",mauris.rhoncus.id@magnisdis.net,01 76 00 95 28
386,Ethan,Wilcox,Ap #999-9391 Sed Road,molestie@Namtempor.co.uk,03 74 40 47 20
387,Maelys,Ortiz,993-544 Rutrum Street,nisl.elementum@lectussitamet.net,06 28 31 44 90
388,Pierre,Larsen,6014 Hendrerit Rd.,condimentum.eget.volutpat@odioAliquam.co.uk,03 33 11 22 38
389,Éloïse,Gaines,Ap #104-4235 Euismod Rd.,risus@a.com,01 66 57 30 33
390,Dimitri,Soto,8837 Ullamcorper Street,Morbi.non.sapien@semelit.ca,06 69 54 51 03
391,Martin,Dixon,8320 Sagittis. St.,tincidunt.aliquam.arcu@faucibusorci.edu,02 82 61 32 80
392,Simon,Mcintosh,8858 Quis Rd.,eget@erosNamconsequat.edu,09 83 57 41 48
393,Théo,Palmer,694-1573 Placerat Rd.,tempor.erat.neque@quis.com,07 11 28 93 51
394,Guillaume,Hopper,Ap #762-563 Sagittis. Road,eu@estvitae.net,05 23 96 57 93
395,Alicia,Medina,Ap #843-8739 Aliquet Ave,Cras.pellentesque@tempusrisusDonec.ca,02 31 57 74 49
396,Martin,Evans,757-5956 Maecenas Avenue,orci@Nullatemporaugue.com,08 70 04 36 50
397,Amandine,Brennan,1467 Mollis St.,non@metussitamet.net,01 34 02 23 05
398,Alexis,Sweeney,"P.O. Box 416, 8162 Diam Rd.",ornare.In.faucibus@Nam.com,07 38 15 66 04
399,Yüna,Holland,"P.O. Box 168, 9699 Non, Rd.",a@libero.com,05 63 85 42 72
400,Margaux,Hutchinson,834 Convallis Av.,et@Etiam.org,06 72 41 40 22
401,Nicolas,Gallegos,6771 Nisl. Rd.,non@blanditNam.net,07 04 17 97 18
402,Alexandre,Soto,"3923 Et, St.",luctus.aliquet.odio@lectusCum.org,02 83 07 77 55
403,Hermione,Granger,Ap #637-3352 Cum Rd.,commodo.ipsum.Suspendisse@nuncullamcorper.edu,04 92 30 22 27
404,Timothée,Humphrey,Ap #716-7586 Et St.,nisl@eratEtiam.co.uk,07 44 91 81 01
405,Benjamin,Cash,3609 Vulputate Av.,aliquet@Nunc.net,07 09 05 36 48
406,Guillemette,Berger,Ap #537-7262 Donec Street,facilisis.vitae.orci@elitpedemalesuada.net,01 23 10 70 48
407,Lisa,Powell,4338 Enim. Road,sodales.at.velit@quispedePraesent.org,08 94 20 79 20
408,Léa,Mcneil,"P.O. Box 858, 3987 Sed, Road",est.ac.mattis@dignissim.net,03 38 38 57 71
409,Alexis,Mack,748-9926 Quis Street,ipsum.Suspendisse.non@mieleifend.org,05 06 25 22 72
410,Thomas,Zamora,Ap #391-9962 Quis Street,Etiam.gravida@aliquetdiamSed.com,09 61 05 29 76
411,Samuel,Gamble,899-6938 Netus St.,laoreet.libero.et@feugiat.edu,07 96 83 12 96
412,Guillaume,Park,5366 Malesuada St.,vulputate@acfermentum.com,01 62 09 24 23
413,Timothée,Maddox,6264 Nunc St.,sapien.Aenean.massa@nuncrisusvarius.edu,04 76 13 17 27
414,Nina,Burnett,3888 Facilisis. Road,tellus@purusin.org,02 09 82 20 29
415,Alexis,Nielsen,384 Tortor St.,nulla.Donec.non@magna.org,04 26 56 42 43
416,Timothée,Dotson,5248 Nec Street,fermentum@Pellentesque.net,08 37 36 17 57
417,Victor,Dalton,"P.O. Box 875, 2366 Sit Rd.",nisi.nibh.lacinia@Nulla.co.uk,04 57 42 73 24
418,Anna,Hensley,217-999 Phasellus Rd.,magna.Nam@ametrisusDonec.com,06 81 93 17 85
419,Katell,Pickett,674-1622 Velit. Ave,facilisis.facilisis@nunc.ca,07 40 34 75 04
420,Pauline,Williams,Ap #857-953 Fusce Rd.,non@sodalesat.org,01 19 90 49 48
421,Bienvenue,Cross,Ap #310-3479 Ipsum Road,dictum@Proinmi.ca,06 81 49 59 18
422,Davy,Jenkins,6841 Sed Road,nunc.ullamcorper@utnullaCras.co.uk,02 71 27 42 11
423,Célia,Ellis,"P.O. Box 448, 5140 Feugiat Av.",Praesent.luctus.Curabitur@non.co.uk,08 27 55 03 87
424,Fanny,Zamora,Ap #455-3443 Cursus Avenue,ipsum.Suspendisse@congueIn.com,01 43 09 12 82
425,Tom,Mcclain,Ap #994-5179 Primis Street,nascetur.ridiculus.mus@sit.co.uk,06 28 51 11 64
426,Antoine,Noel,"P.O. Box 783, 2358 Magna. Av.",Curabitur@Nunc.com,03 11 39 39 14
427,Valentine,Leon,1712 Sociis Av.,risus@ridiculusmusProin.net,08 15 99 98 33
428,Carla,Powers,7236 Lorem St.,Ut@adipiscingenimmi.net,06 20 39 14 23
429,Maëlle,Abbott,"P.O. Box 773, 6669 Lacus. Street",orci.quis.lectus@nunc.ca,03 67 44 52 81
430,Noémie,Randolph,5125 Lacinia Street,Quisque.ac.libero@sagittis.ca,04 27 57 12 10
431,Eva,Crane,Ap #882-2874 Dis St.,sodales.Mauris@lacusvestibulum.com,06 30 81 58 86
432,Syrine,Swanson,"P.O. Box 828, 2445 Nulla Avenue",arcu@nonjustoProin.org,03 53 88 94 65
433,Gaspard,Franklin,"P.O. Box 850, 822 Vivamus Ave",ac@eratvolutpat.co.uk,03 30 88 25 97
434,Dorian,Crane,"888-5871 Ut, Rd.",felis@ametfaucibusut.net,01 54 14 25 31
435,Albus,Dumbledore-Weasley,Ap #603-6437 Nascetur Avenue,sapien@ametfaucibusut.edu,05 87 00 25 39
436,Noë,Kelly,Ap #958-3477 Morbi St.,iaculis.quis@mauriserat.com,02 42 35 00 24
437,Florentin,Finch,692-597 Commodo Street,Mauris.ut.quam@tortorIntegeraliquam.org,08 70 84 11 11
438,Fanny,Kramer,7832 Turpis Road,semper.auctor.Mauris@Suspendisse.edu,06 02 82 80 93
439,Lutécia,Horton,Ap #343-2089 Felis St.,Duis@afacilisisnon.edu,09 68 09 36 66
440,Enzo,Ashley,"P.O. Box 628, 5444 Lobortis Av.",nec.tellus.Nunc@nibhenimgravida.org,03 42 03 29 01
441,Timéo,Best,261-7027 Aenean Avenue,sit@eratvolutpatNulla.org,01 70 42 19 14
442,Grégory,Melendez,9618 Luctus Ave,molestie.Sed@aliquamadipiscinglacus.co.uk,09 38 46 07 45
443,Katell,Wise,958-6260 Dapibus Rd.,pharetra@convallis.ca,07 41 18 08 52
444,Rosalie,Guy,"P.O. Box 964, 8277 Quis Ave",enim.Etiam@diamluctuslobortis.com,05 61 26 19 98
445,Anaël,Guzman,Ap #251-5071 Donec Avenue,non@necurnasuscipit.co.uk,02 35 12 30 45
446,Zoé,Wolf,2728 Neque Rd.,at.libero@pede.ca,08 13 54 12 10
447,Manon,Spears,963-4994 Suscipit Rd.,augue@magnaPhasellusdolor.org,07 14 17 58 15
448,Dylan,Buckner,206-4731 Aliquam St.,sapien.molestie@libero.co.uk,08 79 25 98 89
449,Mathis,Wong,Ap #322-1812 Praesent Av.,et.pede@cursusvestibulumMauris.co.uk,08 20 66 24 91
450,Mathilde,Mays,"P.O. Box 511, 3509 Ac Avenue",non.enim@Crasvehiculaaliquet.edu,05 72 41 79 15
451,Titouan,Perez,"925-723 A, Ave",Proin.sed.turpis@libero.ca,08 72 18 52 97
452,Antonin,Bender,"P.O. Box 928, 5473 Facilisis Road",rutrum.eu.ultrices@sem.co.uk,06 74 75 67 38
453,Clémence,Hurley,"615-645 Magna, Road",nunc@adipiscingelit.org,08 51 61 85 35
454,Margot,Irwin,974-2107 Sit Avenue,interdum.Nunc.sollicitudin@Aliquamnec.net,02 97 17 99 55
455,Lucas,Shaw,Ap #833-1594 Proin Ave,Cras.eget@adipiscinglobortis.org,02 56 90 99 14
456,Carla,Scott,"P.O. Box 647, 999 Nullam Avenue",ultrices.posuere@mollis.net,02 52 74 98 27
457,Antonin,Fitzpatrick,279-9998 Porta Rd.,pede@cursusin.edu,09 02 37 21 95
458,Dimitri,Rosa,Ap #972-7397 Arcu. St.,Nullam.suscipit.est@eratnequenon.edu,02 47 19 32 57
459,Killian,Banks,710-3517 Integer Avenue,Vestibulum@Donecfelisorci.edu,05 71 42 50 99
460,Cloé,Sheppard,Ap #215-8987 Sed Av.,quis@amet.net,01 23 71 35 61
461,Capucine,Norman,"P.O. Box 746, 8649 Orci Rd.",vulputate.dui.nec@risus.org,09 59 46 87 49
462,Timéo,Daniel,Ap #162-2064 Massa. Avenue,Donec.feugiat@dapibusligula.edu,02 42 80 54 44
463,Malik,Jensen,"271-3855 Vitae, Rd.",in@consectetuermaurisid.edu,04 36 23 08 46
464,Alicia,Chapman,Ap #177-5842 Amet Street,ornare@nuncrisusvarius.net,01 86 05 57 36
465,Lena,Jimenez,5207 Ullamcorper Rd.,Duis@montesnasceturridiculus.ca,06 29 96 57 41
466,Dimitri,Sexton,"P.O. Box 521, 3413 Etiam St.",ac.mattis.velit@Sedpharetrafelis.ca,06 11 60 99 57
467,Ambre,Castillo,"P.O. Box 846, 902 Vitae, Rd.",ipsum.non.arcu@placerat.edu,06 30 65 68 94
468,Simon,Berry,Ap #763-4869 Mauris Street,parturient.montes@ipsumacmi.edu,02 05 23 73 98
469,Dorian,Forbes,3862 Non Rd.,sem.molestie@Nunc.co.uk,01 02 05 73 52
470,Zoé,Hansen,Ap #609-3965 Arcu. Road,In@leoCras.net,04 48 47 83 10
471,Océane,Gregory,"P.O. Box 621, 5675 Enim Rd.",sed.sem.egestas@Cum.net,09 73 57 21 62
472,Noë,Carson,Ap #797-3320 Nulla Road,adipiscing.ligula@dapibusrutrumjusto.edu,03 91 19 02 11
473,Clotilde,Haynes,3390 Auctor Avenue,ipsum.Donec.sollicitudin@eulacus.ca,08 21 52 10 80
474,Colin,Hood,198-8690 Amet Av.,pede.Nunc@ullamcorper.net,09 24 78 67 15
475,Capucine,Potts,7635 Faucibus St.,sed.pede@velit.net,01 39 89 18 20
476,Nolan,Simon,Ap #438-8459 Leo. Av.,Aliquam@duiFusce.co.uk,05 62 60 46 37
477,Edwige,Ortiz,"P.O. Box 375, 5305 Arcu Rd.",varius@nuncsedpede.edu,03 83 40 69 39
478,Maïwenn,Sykes,Ap #517-8864 Mauris. Rd.,nec.orci.Donec@Vestibulum.co.uk,08 18 23 80 70
479,Yohan,Patrick,"P.O. Box 625, 5961 Mi. Rd.",fermentum@lacus.org,08 26 82 92 40
480,Mathieu,Potts,2715 Morbi Road,eleifend.vitae@ultrices.ca,05 18 04 31 30
481,Constant,Price,"P.O. Box 889, 8523 Odio. Av.",dui@ante.ca,04 87 97 03 82
482,Robin,Klein,718-4982 Bibendum. Rd.,ante.lectus.convallis@tortor.ca,06 75 07 86 34
483,Clément,Snider,"Ap #811-6527 A, Road",turpis@egetmagnaSuspendisse.ca,06 23 62 24 24
484,Théo,Glass,8059 Lorem Road,Integer.mollis.Integer@Nunc.ca,06 50 80 88 37
485,Evan,Cross,Ap #833-4901 Tellus. Av.,sapien@lectusjustoeu.ca,03 20 94 58 08
486,Lily,Graham,Ap #985-8770 Neque Rd.,tincidunt@risus.com,03 95 36 05 70
487,Candice,Burnett,Ap #544-300 Lectus St.,Aliquam.erat@accumsanconvallisante.co.uk,08 76 67 26 02
488,Dimitri,Osborne,3816 Felis. Av.,hendrerit@atarcuVestibulum.com,07 01 90 90 90
489,Titouan,Holt,"Ap #236-5309 Ac, Rd.",cursus.Nunc@ridiculus.ca,02 09 38 12 14
490,Stephane,King,980-1371 Malesuada Ave,mollis@mauris.org,01 51 76 36 32
491,Marwane,Casey,7362 Rutrum Street,feugiat.metus@magnaLorem.ca,05 17 02 75 40
492,Marie,Duffy,"4913 Aliquam, Rd.",feugiat.metus.sit@vulputate.net,01 45 71 44 39
493,Jordan,Palmer,Ap #678-6107 A Av.,consectetuer@elementum.net,04 22 77 32 65
494,Diego,Mcconnell,390-1876 Urna Road,tellus.lorem.eu@esttemporbibendum.com,06 07 65 24 13
495,Justine,Hall,183-874 Felis. Av.,Aliquam@sodaleseliterat.edu,03 55 30 49 52
496,Luna,Workman,173-8658 Enim Av.,purus.gravida.sagittis@nibh.com,05 98 31 62 69
497,Amélie,Alvarez,3645 Donec St.,commodo.at@risusDuis.com,05 44 65 96 97
498,Adrien,Rodriguez,"P.O. Box 620, 9489 Integer Street",luctus@Utsemperpretium.co.uk,09 73 53 55 15
499,Arthur,Navarro,"P.O. Box 360, 8759 Vel, Rd.",consequat@lectus.edu,07 57 24 82 80
500,Maxime,Wiley,454-5343 Sodales. Ave,nascetur.ridiculus.mus@Aenean.edu,05 82 15 12 24
501,Tristan,Douglas,"P.O. Box 575, 800 Justo Rd.",quis@odio.ca,09 95 97 15 24
502,Macéo,Rasmussen,737-5570 Vitae St.,et@enimSed.co.uk,06 98 36 09 70
503,Anaëlle,Parks,5807 Odio. St.,convallis.convallis.dolor@Donecegestas.org,01 41 90 36 75
504,Thibault,Talley,"524-9016 Congue, Avenue",Proin@primisin.ca,05 70 65 37 37
505,Valentine,Robles,6138 Vel St.,vel@bibendumsedest.co.uk,08 47 62 80 17
506,Alicia,Herring,"P.O. Box 317, 7813 Placerat. Avenue",turpis@duinecurna.ca,01 89 48 17 99
507,Enzo,Larsen,6705 Malesuada Rd.,pede.malesuada.vel@sitametluctus.com,04 08 39 34 56
508,Grégory,Browning,Ap #515-9281 Fermentum Avenue,egestas@nullaIntegervulputate.net,03 96 33 87 83
509,Rosalie,Coffey,4397 Risus. St.,lacinia.at.iaculis@dui.co.uk,04 49 38 53 93
510,Arthur,Rutledge,Ap #812-804 Pellentesque Street,fermentum.convallis@hendreritDonec.co.uk,07 33 02 28 86
511,Syrine,Waller,"P.O. Box 468, 1987 Risus. St.",sed.orci.lobortis@risus.com,09 14 88 68 96
512,Valentin,Hutchinson,"Ap #415-128 Enim, St.",Mauris.eu@enim.ca,01 12 33 38 93
513,Lamia,Holt,Ap #718-4327 Non Ave,eu.tellus@tinciduntorci.org,04 31 38 90 18
514,Katell,Underwood,Ap #708-2032 Ultrices Rd.,facilisis@consectetueradipiscingelit.co.uk,06 85 29 61 60
515,Ambre,Scott,"P.O. Box 432, 7759 Phasellus Rd.",velit.Sed@amalesuadaid.com,09 18 83 37 43
516,Éloïse,Webb,"P.O. Box 766, 3324 Leo, St.",non@volutpatnuncsit.org,05 77 73 13 04
517,Robin,Kim,Ap #438-341 Fermentum Avenue,ac@famesacturpis.co.uk,04 04 42 43 36
518,Élise,Russell,Ap #356-2464 Suspendisse Rd.,Duis.elementum@velitPellentesque.net,09 01 30 71 16
519,Hugo,Donovan,7688 Ridiculus Road,eu.eleifend@vitaealiquetnec.edu,07 92 50 49 97
520,Yohan,Cantrell,"Ap #576-3622 Lacus, St.",pretium.neque.Morbi@dolordolortempus.org,09 47 37 17 67
521,Esteban,Kelley,9657 Malesuada Ave,vestibulum.Mauris@In.org,08 99 66 35 22
522,Kevin,Garrison,3265 At Av.,pede.Cras.vulputate@loremsemper.org,02 22 09 29 06
523,Colin,Parrish,900-3078 Cras St.,dignissim.Maecenas@ametluctusvulputate.com,08 83 05 31 80
524,Lina,Mckenzie,1208 Libero Rd.,convallis.est@Nuncpulvinar.net,06 66 51 94 38
525,Julie,Lestange,"P.O. Box 926, 2020 Non, Rd.",ipsum.ac@mattis.edu,02 21 56 15 58
526,Lauriane,Dennis,"P.O. Box 934, 7672 Suspendisse Av.",dui.semper.et@erateget.com,05 03 82 41 23
527,Yasmine,Luna,"P.O. Box 262, 8964 Mi. Rd.",eu.dolor.egestas@lacusQuisqueimperdiet.org,08 09 84 36 70
528,Arthur,Ford,887-1019 Nibh. Rd.,tellus@semperpretium.ca,01 70 35 53 35
529,Lola,Hartman,Ap #877-2474 Egestas. St.,mollis@massa.net,07 39 48 40 98
530,Margaux,Orr,Ap #978-7576 Sit Rd.,amet@elitsedconsequat.ca,09 28 52 51 33
531,Mathilde,Cardenas,"P.O. Box 843, 9853 Dignissim. St.",molestie.in.tempus@neque.co.uk,04 30 23 80 38
532,Jordan,Mayer,"P.O. Box 477, 3136 Egestas, Ave",consequat.purus.Maecenas@nibhlacinia.co.uk,04 81 02 66 26
533,Anaëlle,Guthrie,"P.O. Box 710, 951 Eget Avenue",Pellentesque.tincidunt.tempus@tellus.net,09 17 83 06 50
534,Jules,Velazquez,"P.O. Box 333, 2301 Feugiat St.",lobortis.nisi@lobortisauguescelerisque.edu,08 27 55 51 72
535,Mélissa,Graham,8775 Senectus Rd.,Nullam.ut@aauctornon.org,09 22 27 42 52
536,Élouan,Goodman,"823-4887 Rutrum, St.",convallis@semelit.edu,06 84 64 05 37
537,Mattéo,Kelley,1863 Donec Ave,ultrices.a.auctor@acarcu.co.uk,07 23 93 50 84
538,Yasmine,Hensley,Ap #557-1857 Mauris Rd.,auctor.velit.eget@ornare.org,03 77 08 22 43
539,Alice,Finch,8279 Fermentum Avenue,amet.ornare.lectus@viverraDonectempus.edu,09 67 52 11 69
540,Alexis,Franks,2999 Phasellus Avenue,dui.in@gravida.net,03 86 38 89 14
541,Grégory,Hardy,"P.O. Box 280, 7138 Auctor Av.",In@justo.edu,04 06 32 36 10
542,Luna,Cotton,1349 Nec St.,eget.magna.Suspendisse@adipiscingligula.edu,03 40 89 64 05
543,Bruno,Head,6415 Lacinia. Ave,in.sodales@nectempus.net,06 09 92 78 65
544,Tristan,Dunlap,822-8767 Nunc Ave,Donec.egestas@tristique.ca,09 70 96 04 81
545,Jade,Berry,835-6402 Integer Road,cursus@duisemper.ca,05 65 36 35 45
546,Mattéo,Dorsey,4507 Risus. Rd.,lacus.vestibulum.lorem@lectusquismassa.ca,02 04 78 46 69
547,Mathilde,Tillman,Ap #300-7891 Vivamus St.,tincidunt.adipiscing@Donecvitae.org,04 44 95 49 67
548,Lamia,Quinn,"P.O. Box 781, 550 Nulla Rd.",quis.lectus.Nullam@rutrum.edu,04 01 95 77 37
549,Alexia,Maldonado,"7323 Id, Road",faucibus@dolorvitae.edu,07 68 96 25 81
550,Titouan,Lynn,839-1610 Mi St.,odio.sagittis@ornareplaceratorci.edu,04 24 07 61 55
551,Nicolas,Randall,"P.O. Box 468, 2838 Vitae Rd.",Pellentesque.ultricies@dolordapibusgravida.com,08 82 42 03 55
552,Fanny,Dunn,Ap #644-6820 Mollis. St.,tincidunt.neque.vitae@odiosemper.edu,06 80 47 77 76
553,Mehdi,Whitney,6808 Amet Rd.,Pellentesque@sagittisaugue.com,04 25 58 80 48
554,Théo,Forbes,"P.O. Box 154, 1052 Et Av.",scelerisque.sed@maurisSuspendissealiquet.co.uk,05 48 91 09 22
555,Erwan,Key,Ap #431-3232 Arcu. Rd.,convallis.in.cursus@Namac.com,02 65 34 47 68
556,Candice,Hanson,109-975 Auctor St.,sollicitudin@duilectusrutrum.co.uk,06 97 83 95 09
557,Loevan,Rasmussen,8699 Consectetuer St.,erat@sapiencursus.org,08 07 60 43 41
558,Lilou,Pennington,"Ap #721-6645 Magna, Street",sed.pede@ultricesDuisvolutpat.com,04 69 39 74 63
559,Lou,Jimenez,"7771 Rutrum, Street",orci.tincidunt.adipiscing@eu.edu,03 19 99 56 01
560,Lucie,Aguirre,Ap #399-9730 Nunc Road,ipsum@ultricesVivamus.net,08 35 64 25 96
561,Nicolas,Wilcox,Ap #211-9730 Mollis. Rd.,Nulla@dolor.ca,09 37 29 96 45
562,Dorian,Warren,Ap #961-9672 Cras St.,id.mollis.nec@Sedidrisus.edu,07 71 86 43 67
563,Florian,Nixon,130-549 Nunc St.,feugiat.metus.sit@iderat.com,09 74 80 27 75
564,Amandine,Calderon,2291 Tincidunt Ave,et.arcu.imperdiet@venenatis.edu,03 77 18 09 23
565,Katell,Lott,Ap #184-4710 Vel Ave,magnis.dis@luctus.org,03 14 74 42 15
566,Julien,Suarez,4671 Euismod Street,nec@seddictum.com,03 04 11 71 68
567,Nina,Taylor,982-7431 Accumsan Road,orci.in.consequat@duisemperet.ca,01 30 04 75 42
568,Chloé,Sherman,"Ap #422-6729 Lorem, Street",augue.eu.tempor@Fusce.ca,08 07 91 94 84
569,Thibault,Lynn,Ap #232-1590 Mi Avenue,tempus@semPellentesque.edu,06 25 88 40 02
570,Mathéo,Rich,144-3676 Pellentesque Ave,dictum.sapien@tristiqueaceleifend.com,06 14 31 43 51
571,Maéva,Newton,"2014 Pede, Street",ultrices@cubilia.edu,05 18 41 97 58
572,Lou,Anne,"476-4257 Ante, St.",turpis.non.enim@noncursus.com,07 19 70 35 72
573,Malo,Oneal,Ap #665-3769 Nulla St.,Nunc.ut@necenimNunc.net,04 76 40 88 11
574,Tatiana,Berg,7905 Lacus. Street,nunc.Quisque.ornare@euismodet.com,09 73 75 20 48
575,Élise,Jensen,"339 Sapien, Street",consequat@consequat.com,05 96 22 75 66
576,Lucas,Cantrell,"Ap #612-3499 Tempor, Road",amet@Nullamnisl.co.uk,09 88 77 11 59
577,Gabin,Palmer,141-3014 Sem Road,est.ac.mattis@consequat.edu,02 51 68 41 32
578,Luna,Hines,Ap #156-6927 Sem St.,neque@Etiam.net,08 34 83 69 47
579,Edwige,Rodgers,539-5021 Facilisis St.,urna.et.arcu@vehiculaaliquet.ca,07 73 01 68 62
580,Louna,Richards,Ap #373-5528 Tempus Rd.,non@sitametdapibus.com,09 06 88 11 69
581,Rosalie,Buchanan,"6803 Vitae, Avenue",purus.mauris.a@nibhenim.net,06 17 76 48 50
582,Hugo,Compton,334-1243 Praesent St.,Aliquam.nec.enim@diamatpretium.edu,08 72 32 97 91
583,Gilbert,Crane,Ap #786-8553 Cras St.,ac@diameu.co.uk,05 04 06 50 10
584,Éloïse,Livingston,"P.O. Box 414, 6380 Ut St.",ornare.In@tristiquepellentesque.net,09 07 31 83 33
585,Baptiste,Moore,602-9929 Mi Avenue,dolor.elit@Sed.ca,01 70 70 96 95
586,Mélanie,Mercer,265-5235 Dictum St.,facilisis.lorem.tristique@ligula.ca,03 62 37 81 67
587,Loevan,Fox,"760-4734 Vulputate, Street",dui@nibh.com,01 37 69 47 07
588,Nina,Rogers,321-5793 Mattis St.,sapien@quisturpisvitae.org,06 22 07 72 45
589,Lutécia,Marsh,8292 Vitae St.,pretium.neque@ornareInfaucibus.net,02 28 41 80 14
590,Titouan,Lowe,"P.O. Box 160, 5698 Lobortis. Avenue",mi.pede.nonummy@ametorci.co.uk,09 41 57 92 04
591,Louna,Waters,"523-3771 Posuere, Ave",et@nisl.edu,01 37 82 54 91
592,Guillaume,Leconquerant,"Ap #970-988 Vitae, St.",Nulla.tincidunt.neque@ultricesDuisvolutpat.edu,06 78 40 86 31
593,Léonie,Brooks,Ap #177-2402 Porttitor Rd.,In.scelerisque.scelerisque@lobortis.net,07 01 84 19 93
594,Dimitri,Tyson,8096 Donec Rd.,blandit@loremloremluctus.org,04 54 40 71 80
595,Maéva,Alston,8740 Massa. Avenue,Praesent.eu@est.co.uk,02 87 12 80 97
596,Davy,Velasquez,937-1343 Rhoncus. St.,Suspendisse.eleifend.Cras@atarcuVestibulum.com,05 54 09 55 31
597,Maxence,Mooney,Ap #153-9540 Adipiscing Rd.,nec.imperdiet@insodales.net,06 88 66 05 22
598,Loevan,Wilson,2513 Mollis Road,nisi.Aenean@dolorQuisquetincidunt.co.uk,02 91 96 02 77
599,Lily,Barrett,"P.O. Box 258, 6243 Imperdiet Rd.",aliquam.iaculis.lacus@aliquamiaculis.org,05 27 99 79 41
600,Léonard,Mejia,Ap #595-3305 Mauris. Ave,vestibulum@mollisInteger.net,08 99 12 67 33
601,Anaël,Harmon,"P.O. Box 230, 2317 Varius Road",risus.a.ultricies@pedeultrices.com,05 67 37 68 58
602,Rosalie,Mosley,Ap #769-3128 Semper Rd.,Sed.nunc@lacinia.org,09 25 83 89 77
603,Maxime,Mitchell,Ap #298-1104 Lacus. Av.,lorem@nunc.edu,07 88 92 36 27
604,Kilian,Frost,147-9514 Velit Rd.,a.aliquet.vel@ultricies.net,04 78 82 19 54
605,Pierre,Mccoy,646-2224 Blandit St.,non.sollicitudin@malesuada.edu,04 50 45 16 90
606,Adrien,Lambert,3571 Mattis. Rd.,mollis.Phasellus@loremutaliquam.com,06 89 45 89 93
607,Dorian,Mcdonald,Ap #409-161 Lacus. Rd.,egestas.hendrerit@ullamcorperDuisat.net,07 32 65 22 78
608,Macéo,Mclaughlin,Ap #228-4859 Nunc Rd.,molestie.in.tempus@lacus.co.uk,03 60 80 96 77
609,Valentine,Holden,Ap #460-8309 Pede. Rd.,Suspendisse.sagittis@consectetueradipiscing.co.uk,06 43 82 81 97
610,Lina,Mcfarland,1916 Maecenas Rd.,pede.Cum@dolorNullasemper.co.uk,08 87 75 95 62
611,Renaud,Michael,992-8413 Duis St.,non.vestibulum@Quisquenonummyipsum.ca,01 54 15 73 28
612,Lorenzo,Poole,723-7441 Ut Avenue,nisl@enimEtiam.ca,01 91 79 11 90
613,Noémie,Larsen,2045 Convallis Rd.,fringilla@lacusUtnec.edu,06 94 01 93 50
614,Maïlé,Conway,Ap #220-1465 Curae; Av.,ac.turpis.egestas@Praesent.net,01 20 63 41 26
615,Antonin,Puckett,"P.O. Box 329, 8631 Lectus Street",sed@nondapibus.org,02 00 18 70 19
616,Romane,Adams,4028 Parturient St.,lorem.ut@pharetraQuisqueac.co.uk,03 58 54 04 82
617,Léo,Chang,9840 Ipsum Av.,nunc@quam.co.uk,03 84 14 75 81
618,Margaux,Buckner,Ap #585-8966 Vestibulum Av.,Aliquam.ornare.libero@consequat.edu,01 83 96 26 88
619,Charlotte,Crawford,9874 Suspendisse Road,dapibus.quam@vitae.org,07 07 22 26 00
620,Pierre,Lindsay,247-2425 Magna. St.,odio.auctor.vitae@semperauctor.ca,08 11 41 65 75
621,Gabin,Kerr,9521 Faucibus St.,rhoncus.Nullam@varius.co.uk,06 56 30 46 60
622,Paul,Griffin,"P.O. Box 572, 7582 Nunc Rd.",eu.euismod.ac@magnamalesuadavel.net,09 45 04 89 61
623,Maryam,Cline,"P.O. Box 529, 5554 Proin St.",egestas@lacinia.edu,04 52 95 03 72
624,Valentine,Sykes,247-4754 Consectetuer Av.,arcu.Sed.eu@necenimNunc.com,01 87 62 41 97
625,Julien,Fitzpatrick,176-1932 Magna. Avenue,fermentum.metus@dapibus.com,03 15 61 67 01
626,Justine,Rowland,"P.O. Box 870, 4288 Duis Rd.",eleifend.vitae@ut.co.uk,03 38 49 90 84
627,Lily,Whitfield,Ap #424-8094 Nonummy Ave,lorem.vitae.odio@dolorsitamet.co.uk,08 35 19 54 28
628,Capucine,Carlson,"P.O. Box 511, 5534 Nec Road",Integer.tincidunt.aliquam@congueelit.org,07 57 47 91 15
629,Colin,Robinson,Ap #357-3941 Faucibus Road,Lorem@facilisis.com,09 28 38 32 69
630,Maxence,Koch,Ap #996-5895 Vitae Road,pede@malesuadaInteger.com,02 40 12 86 34
631,Amine,Davidson,"P.O. Box 466, 9063 Eget, Road",pede@nunc.edu,08 28 53 57 22
632,Baruch,Spinoza,6407 Dis St.,mauris.erat.eget@augueac.net,06 16 73 05 30
633,Renaud,Lowe,Ap #589-4450 Libero Rd.,tristique.senectus.et@urna.edu,01 78 16 97 58
634,Rosalie,Thomas,4476 Parturient Rd.,lorem.eu@pellentesquetellus.edu,05 19 98 03 54
635,Alice,Foley,"P.O. Box 565, 7804 Vulputate, Avenue",tellus.Phasellus.elit@orcisemeget.net,06 34 17 70 41
636,Ethan,Norman,716-1765 Odio. Ave,risus@Vivamussit.com,04 26 16 87 04
637,Samuel,Huber,Ap #983-727 Amet Avenue,facilisis.vitae.orci@Donecegestas.edu,07 48 73 97 36
638,Alexia,Vaughan,9607 Pede. St.,arcu@mauris.co.uk,07 34 28 89 13
639,Loane,Hartman,"120-8048 Tempus, St.",pede.Cras.vulputate@volutpatornare.co.uk,01 48 17 40 67
640,Lina,Mclean,Ap #911-5368 Ante. Rd.,eu.tempor@vel.net,03 95 32 66 63
641,Éléna,Lane,"P.O. Box 801, 1951 Magna Rd.",quis.pede@tempusscelerisquelorem.ca,05 33 66 72 09
642,Florian,Diaz,Ap #925-9749 Gravida Av.,suscipit.nonummy@molestie.edu,02 75 27 57 25
643,Tristan,Chang,Ap #247-8955 Nascetur St.,Aenean.gravida.nunc@idblanditat.co.uk,03 90 48 52 64
644,Florian,Estrada,1924 Mauris Av.,dignissim.Maecenas@elitpedemalesuada.org,02 72 95 66 95
645,Félix,Santos,247-4034 Et Av.,neque.tellus@esttemporbibendum.net,02 49 78 31 56
646,Malik,Cannon,Ap #568-4259 Egestas Av.,ut@nuncrisusvarius.net,03 77 18 51 35
647,Jordan,Cote,1003 Aliquam Road,nunc.In@utquamvel.ca,05 81 58 58 49
648,Nathan,Merritt,"P.O. Box 424, 3725 Praesent Rd.",Aliquam.nec@eueleifend.com,05 82 82 91 51
649,Jeanne,Darc,Ap #632-4371 Phasellus Av.,quis@blandit.ca,07 62 65 17 36
650,Adrian,Morrison,Ap #937-9558 Donec St.,molestie.orci.tincidunt@convalliserateget.net,05 73 51 11 12
651,Loevan,Newton,"673-888 Consectetuer, Avenue",ante@imperdiet.edu,09 89 76 58 39
652,Lutécia,Shaw,Ap #599-6027 Erat St.,mollis.Duis.sit@tortor.ca,03 22 78 16 96
653,Dylan,Fleming,"Ap #846-5750 Ornare, Rd.",ipsum.leo.elementum@velsapien.ca,04 87 84 25 66
654,Grégory,Copeland,Ap #158-7291 Amet Rd.,Morbi.neque@elit.ca,08 48 68 36 98
655,Léonie,Gratin,4863 Commodo Road,amet@nisi.edu,07 15 55 28 19
656,Adrian,Pearson,325-9620 Morbi St.,libero.Donec.consectetuer@arcuVestibulum.co.uk,02 65 90 46 12
657,Enzo,Levine,"P.O. Box 397, 9346 Scelerisque, Avenue",Curabitur.egestas.nunc@mollislectus.edu,05 35 31 20 55
658,Lana,Stout,"5674 Quis, Avenue",aliquet.Phasellus.fermentum@Aliquameratvolutpat.edu,05 43 76 61 77
659,Solene,Walton,Ap #964-2082 Pharetra Ave,risus.Donec.nibh@pulvinararcu.org,06 68 21 68 99
660,Nicolas,Jensen,Ap #256-6600 Nulla Rd.,ut.mi@idrisusquis.edu,06 26 28 21 76
661,Sara,Hays,569-720 Arcu Rd.,erat@Sed.com,07 84 81 60 81
662,Inès,Norton,"P.O. Box 805, 7568 Amet St.",Nulla.eu.neque@magna.ca,02 62 97 41 86
663,Anne,Brontë,Paradis,anne.bronte@paradis.com,08 89 90 56 65
664,Marine,Hammond,"P.O. Box 219, 6351 Magna. St.",condimentum.Donec@Donecfringilla.net,03 40 15 58 45
665,Marie,Camacho,254-1055 Etiam Ave,magna@Curabitur.co.uk,01 83 61 64 78
666,Satan,Mephistopheles,13 rue Broca 75013 Paris,satan.mephistopheles@gmail.com,06 66 66 66 66
667,Syrine,Smith,3036 Lobortis Rd.,tellus.id@arcuSed.co.uk,02 20 08 11 45
668,Mattéo,Prince,"4722 Eu, Rd.",felis.adipiscing@nibhenimgravida.net,03 26 99 82 62
669,Cloé,Booth,"P.O. Box 830, 3604 Iaculis Rd.",Aenean.gravida.nunc@augue.com,08 88 09 54 65
670,Emily,Brontë,Paradis,emily.bronte@paradis.com,09 32 44 17 84
671,Yüna,Hart,"P.O. Box 328, 6769 Et Road",sit.amet@vulputateeu.ca,06 01 00 74 95
672,Guillemette,Mayer,"P.O. Box 828, 2630 Convallis St.",Aenean@Vestibulumaccumsanneque.co.uk,01 92 91 86 74
673,Chloé,Ware,Ap #588-5401 Dolor Rd.,amet@Donec.co.uk,07 33 41 42 70
674,Patrick,Brontë,Paradis,patrick.bronte@paradis.fr,02 20 46 41 08
675,Victor,Russell,"P.O. Box 410, 5667 Cursus. St.",Sed.diam@nibhAliquam.net,01 77 40 74 56
676,Simon,Christian,"P.O. Box 577, 9219 Velit. Street",dui@vitaevelitegestas.com,09 37 35 95 08
677,Dimitri,Aguilar,Ap #134-457 Tristique Rd.,posuere.cubilia@feugiat.co.uk,01 35 24 27 48
678,Branwell,Brontë,Paradis,branwell.bronte@paradis.com,03 13 38 78 27
679,Malik,Beard,Ap #929-3819 Pede. Av.,sit@Fuscealiquamenim.net,08 86 65 08 99
680,Nicolas,Todd,275-2010 Sed Road,fames.ac.turpis@vitaeodiosagittis.edu,05 65 76 50 39
681,Cloé,Miranda,Ap #168-224 Molestie Rd.,neque.et.nunc@Maecenas.co.uk,06 28 55 98 89
682,Agathe,Morrison,504-1895 Quisque Av.,Nullam.velit@quislectusNullam.com,09 25 98 44 71
683,Adrian,Crawford,Ap #252-932 Non Av.,commodo.tincidunt.nibh@iaculis.co.uk,09 37 38 77 64
684,Anthony,Kline,2470 Malesuada Street,faucibus@lectus.com,08 20 54 35 98
685,Quentin,Mercer,459-215 Eget Street,ornare@pellentesqueSed.com,05 78 46 25 06
686,Constant,Blake,Ap #780-2338 Pede St.,purus.sapien@Morbi.com,05 56 25 33 43
687,Candice,Mays,"P.O. Box 413, 2107 Eget Ave",nunc@miacmattis.org,04 37 86 19 59
688,Marwane,Mejia,9786 Varius. Avenue,adipiscing.elit@Cumsociis.co.uk,06 81 81 14 55
689,Jasmine,Cain,"P.O. Box 652, 497 Mollis. Rd.",Nunc@ligula.edu,02 00 20 58 54
690,Katell,Velez,655-6712 Sodales Rd.,a.auctor.non@estmollis.co.uk,08 78 93 84 34
691,Clémence,Slater,"7377 A, Rd.",libero@lacus.edu,02 58 93 29 12
692,Valentin,Donaldson,335-8875 Eget Road,eu.erat.semper@Nullamutnisi.com,06 49 66 17 68
693,Chloé,Clay,"P.O. Box 707, 9835 Venenatis Ave",dolor.sit.amet@lobortisnisinibh.ca,02 81 79 08 54
694,Bastien,Durham,580-273 Ante Avenue,augue@Mauris.com,04 37 10 88 02
695,Angelina,Gallegos,Ap #507-7431 Lacus Street,pede@aliquet.edu,09 24 06 93 01
696,Mélanie,Frye,Ap #853-1785 Lorem. Rd.,semper.tellus@Sednec.co.uk,09 03 22 58 56
697,Bill,Gates,"P.O. Box 504, 7843 Dui Street",neque.venenatis@malesuadaInteger.edu,08 47 99 37 68
698,Esteban,Summers,Ap #509-7304 Fringilla Avenue,consectetuer.cursus.et@pharetra.com,04 43 61 97 12
699,Quentin,Kramer,7599 Consectetuer Road,et.eros@ornare.com,01 60 67 35 92
700,Loane,Weber,3886 Leo. Rd.,amet.ornare.lectus@enim.org,08 18 64 72 66
701,Inès,Collier,"Ap #515-4794 Nunc, Avenue",taciti.sociosqu.ad@dictum.co.uk,01 79 04 16 65
702,Guillemette,Hicks,1586 Libero Rd.,nulla@enimmi.edu,09 19 40 20 57
703,Timéo,Payne,2747 Scelerisque Avenue,a@facilisisfacilisismagna.net,04 35 93 07 91
704,Rose,Salazar,"P.O. Box 900, 6897 Lectus St.",consectetuer@lectusNullam.ca,06 45 95 06 23
705,Mélanie,Shaw,Ap #893-7280 Quisque Ave,velit@enimNunc.edu,07 58 03 33 79
706,Grégory,Larson,Ap #758-6136 Felis St.,mollis.Integer.tincidunt@tortor.org,05 51 99 69 63
707,Kimberley,Holcomb,"P.O. Box 309, 908 Neque Street",feugiat@Pellentesqueultriciesdignissim.org,08 90 55 57 23
708,Guillaume,Rowland,695 Integer Street,hendrerit@FuscefeugiatLorem.edu,04 97 43 94 03
709,J.K.,Rowling,"P.O. Box 127, 7632 Tristique Av.",nunc.sit@ac.edu,07 25 27 24 72
710,Malo,Whitfield,4333 Tincidunt Road,fringilla.euismod@vestibulumnequesed.org,08 02 22 11 71
711,Anaïs,Baldwin,"3391 Tempus, St.",neque.pellentesque@idnunc.com,02 38 08 12 68
712,Guillemette,Woods,"Ap #333-7414 Eu, St.",justo.Proin@vel.net,06 44 01 85 58
713,Maxime,Blankenship,"P.O. Box 546, 262 Nunc Av.",sodales@ornareplacerat.org,01 79 77 17 70
714,Benjamin,Richards,Ap #749-1433 Donec Ave,Curabitur.egestas.nunc@Aeneansed.net,08 11 04 67 16
715,Lilou,Acosta,"P.O. Box 576, 7408 Congue, Avenue",lorem.eu@velit.com,08 79 70 17 81
716,Agathe,Holloway,"P.O. Box 879, 7123 Etiam Rd.",a@erosturpisnon.edu,02 24 51 07 90
717,Kilian,Lawson,"Ap #117-2684 Elit, Avenue",dapibus.id@lobortisultrices.co.uk,06 61 63 20 90
718,Bastien,Buck,991-6686 Morbi St.,elit.Nulla.facilisi@felis.ca,06 50 21 44 06
719,Éloïse,Good,"P.O. Box 936, 1570 Etiam Road",amet.nulla@Suspendissealiquetsem.com,06 36 32 72 79
720,Ethan,Russell,101 Eget St.,Aliquam@tinciduntorciquis.org,01 79 23 86 17
721,Malik,Diaz,Ap #529-3168 Pede St.,et@nequeSedeget.ca,09 14 77 77 05
722,Samuel,Boyd,489-243 Vitae Avenue,facilisis.lorem@odiotristique.com,08 87 24 70 32
723,Jade,Jordan,726-8772 Vitae St.,bibendum@natoquepenatibuset.com,04 25 13 45 94
724,Nathan,Logan,"Ap #562-1701 Non, St.",cursus.vestibulum@tincidunttempus.net,08 00 92 08 83
725,Capucine,Freeman,"P.O. Box 781, 4313 Pellentesque Rd.",risus.Morbi.metus@ornareIn.edu,06 26 36 56 52
726,Ethan,Moreno,"P.O. Box 435, 6677 Dolor, St.",accumsan.neque.et@tristiquepharetraQuisque.net,07 78 24 74 54
727,Arthur,Chang,"5491 Et, Rd.",amet.ante.Vivamus@augueut.edu,04 16 26 23 78
728,Sarah,Summers,"P.O. Box 789, 9364 Cursus Av.",dui.quis.accumsan@arcuMorbi.co.uk,05 72 34 32 57
729,Léon,Trevino,Ap #456-7984 Vestibulum St.,sollicitudin.a@Class.net,03 45 63 62 87
730,Titouan,Ramsey,"4187 Lectus, Road",Sed.neque.Sed@Ut.com,05 55 46 58 78
731,Anaël,Ayers,9318 Integer Rd.,cursus@etnetus.org,02 65 88 98 92
732,Jérémy,Reed,"P.O. Box 852, 9706 Ante St.",molestie.sodales@facilisisvitae.org,09 02 04 31 27
733,Noë,Robinson,"P.O. Box 354, 4768 Eu Road",malesuada@amifringilla.co.uk,05 41 23 25 78
734,Marwane,Kerr,7085 Risus. Street,Curabitur.massa@enimEtiam.com,04 78 85 01 91
735,Kimberley,Mccoy,7468 Consequat Rd.,tellus.Suspendisse.sed@hymenaeos.co.uk,02 77 83 61 74
736,Lilian,Tillman,"P.O. Box 287, 926 Sapien. Street",a.facilisis.non@Suspendissealiquetmolestie.com,09 49 30 72 44
737,Adrian,Campos,"P.O. Box 880, 7490 Ornare. Ave",sodales.nisi.magna@ipsumSuspendisse.org,03 22 14 00 80
738,Mehdi,Stokes,Ap #211-3908 Non Ave,erat.vitae.risus@sollicitudinamalesuada.net,01 20 56 02 66
739,Maelys,Greene,Ap #140-816 Quam St.,erat.neque.non@malesuadaid.com,09 45 64 54 45
740,Maxence,Willis,"P.O. Box 240, 6688 Velit Street",fringilla@penatibusetmagnis.org,09 00 98 19 07
741,Nicolas,Price,516-6875 Sagittis St.,massa.lobortis@infaucibusorci.org,04 78 79 78 70
742,Yasmine,Parsons,Ap #529-2715 Et St.,lectus@nondapibusrutrum.ca,06 87 26 19 98
743,Julie,Santiago,"587-221 Mauris, St.",tincidunt@quisturpisvitae.co.uk,03 25 50 27 82
744,Mélanie,Mcfarland,870 Elit. Ave,in.hendrerit@elitpharetra.ca,03 92 78 79 41
745,Dorian,Cunningham,3726 Eleifend St.,ante@Morbisitamet.net,07 93 29 39 30
746,Maïlé,Hughes,Ap #588-3142 Libero St.,dui@dolor.com,03 22 64 05 56
747,Mattéo,Day,"P.O. Box 805, 3617 Vitae, Road",et.pede@elit.co.uk,01 54 93 96 50
748,Adrian,Holt,5435 Integer Ave,Fusce.mollis.Duis@metus.co.uk,05 55 94 60 46
749,Lou,Franklin,7162 Aliquam Av.,Fusce@nequeMorbiquis.co.uk,07 00 90 35 96
750,Gaspard,Rivera,Ap #661-6561 Pede. Avenue,eget@maurisIntegersem.org,03 99 86 53 75
751,Élise,Saunders,"P.O. Box 153, 2238 Ut St.",Curae@ac.co.uk,02 67 68 31 16
752,Pierre,Copeland,Ap #497-8557 Lobortis Rd.,sagittis.lobortis@morbitristique.co.uk,03 02 06 92 99
753,Aaron,Horn,605-5485 Congue Av.,elit@maurissapien.ca,03 65 95 93 97
754,Quentin,Farley,"P.O. Box 411, 2584 Magna. St.",Aenean@nisiCum.edu,05 10 56 35 40
755,Victor,Strong,584-7458 Libero St.,facilisis.facilisis.magna@eunulla.org,08 67 81 29 88
756,Margot,Ross,"Ap #794-6555 Felis, Street",dolor.nonummy@eratin.org,05 04 74 71 20
757,Alexandre,Waters,855-7273 Dictum Avenue,parturient.montes@Praesentluctus.co.uk,06 31 75 55 61
758,Grégory,Macias,9023 Lectus Avenue,parturient.montes.nascetur@et.edu,09 47 38 11 57
759,Quentin,Carlson,7567 Imperdiet Avenue,lectus@convallisligula.net,04 32 71 40 28
760,Lily,Lowe,330-9539 Arcu. St.,dolor.egestas@malesuadafringilla.org,07 56 35 72 70
761,Lena,Willis,"P.O. Box 829, 9494 Duis Street",Mauris.magna@tempusloremfringilla.co.uk,05 23 82 06 66
762,Éloïse,Wilder,"P.O. Box 957, 7081 Semper Avenue",Suspendisse.commodo.tincidunt@odio.com,08 35 48 39 75
763,Yanis,Gordon,"P.O. Box 467, 3986 In Ave",ac.fermentum@nec.edu,06 75 03 52 55
764,Léonie,House,"P.O. Box 497, 4907 Suspendisse Ave",sem.magna@ut.com,06 39 94 21 21
765,Catherine,Phillips,448-4396 Proin Street,In.ornare.sagittis@cursusdiam.org,01 60 49 50 41
766,Clément,Craig,1072 Arcu Rd.,euismod.in@nec.edu,09 32 74 77 82
767,Noë,Bean,212 Non Avenue,montes.nascetur.ridiculus@tristiquesenectuset.org,08 22 04 66 40
768,Bienvenue,Sexton,Ap #360-3029 Non Street,dapibus.rutrum.justo@malesuadafamesac.org,06 87 65 45 23
769,Maxime,Butler,420-4784 Nibh Street,eu@accumsaninterdum.co.uk,06 80 68 73 15
770,Mehdi,Berger,6704 Tempor Street,ultrices@ullamcorpernisl.net,08 11 02 46 19
771,Maïwenn,Foley,841-6494 Pellentesque St.,lorem.Donec.elementum@ac.co.uk,03 58 87 34 45
772,Émile,Hahn,896-1917 Vulputate Rd.,eu@est.edu,04 54 43 62 48
773,Tom,Mclaughlin,9033 Ligula St.,sapien.molestie@eratvolutpat.org,06 44 85 29 92
774,Alexia,Ashley,"P.O. Box 238, 2785 Aenean Av.",ante@posuereat.org,04 96 21 37 53
775,Amandine,Puckett,1540 Duis Road,convallis@quisdiam.ca,04 26 26 24 39
776,Gabriel,Jefferson,5869 Mollis. St.,erat.volutpat.Nulla@Sed.co.uk,04 81 16 24 87
777,Éloïse,Steele,485 In Av.,orci.Phasellus@nec.co.uk,09 08 01 58 24
778,Léo,Joyce,369-849 Malesuada Street,nunc@sed.edu,01 29 91 31 44
779,Juliette,Higgins,Ap #770-2949 Ligula. Rd.,consectetuer.adipiscing@luctus.ca,03 86 54 39 29
780,Kylian,Sykes,1907 Ac Avenue,Donec@volutpatnunc.com,03 86 99 25 53
781,Dylan,Warner,473-4454 Eros. Road,per@Nullatincidunt.ca,02 98 13 48 45
782,Manon,Vincent,Ap #720-4783 Morbi Rd.,imperdiet.ullamcorper@ullamcorpermagnaSed.com,03 14 15 83 51
783,Aaron,Church,"2028 Eget, Street",non.hendrerit.id@ultriciesligulaNullam.net,04 10 50 11 00
784,Sara,Dillard,789-4480 Tortor. Rd.,euismod@ut.co.uk,02 64 52 85 81
785,Nolan,Goodman,188-3954 Aenean Road,eget.dictum@dictummagna.net,06 99 14 27 97
786,Émilie,Mccoy,1447 Tristique Rd.,rutrum.eu.ultrices@Aenean.org,03 96 12 32 87
787,Gilbert,Harrington,"P.O. Box 907, 1641 Imperdiet Road",ligula@semperpretium.org,03 53 88 69 60
788,Emma,Hart,"P.O. Box 736, 2285 Phasellus Rd.",lorem@risusquisdiam.edu,04 49 81 16 41
789,Émilie,Gill,667-4254 Duis St.,eleifend@miAliquam.org,05 89 46 05 18
790,Amandine,Swanson,"P.O. Box 180, 8892 Quisque Road",orci.Ut.sagittis@sapiencursus.net,02 27 91 77 59
791,Renaud,Hewitt,606-5261 Urna. St.,elit.elit.fermentum@Utsagittislobortis.org,08 64 23 23 64
792,Lisa,Morales,"P.O. Box 832, 8891 Rhoncus. Avenue",mi.enim@imperdietullamcorper.com,04 33 64 85 24
793,Zoé,Martin,Ap #872-9759 Sed Rd.,a@gravida.co.uk,05 16 52 64 83
794,Célia,Franklin,756 Lacus. Avenue,enim.consequat.purus@aliquet.edu,03 65 76 54 29
795,Hugo,Knight,107 Ac Road,Donec@In.co.uk,06 91 77 47 34
796,Léon,Church,232-6849 Non Rd.,ut.sem@cursus.org,02 81 07 70 43
797,Candice,Fulton,Ap #491-9805 Proin St.,arcu.Morbi.sit@ornareInfaucibus.net,08 82 38 02 54
798,Evan,Holloway,"9067 Aliquet, Rd.",Sed.neque.Sed@nasceturridiculus.edu,07 44 94 02 60
799,Constant,Michael,282-2792 Egestas Road,enim.Suspendisse@Curabiturvellectus.co.uk,05 75 39 47 90
800,Malik,Glenn,Ap #527-6503 Sagittis Ave,urna.convallis.erat@eu.ca,09 14 56 79 80
801,Carla,Johns,"P.O. Box 177, 6045 Nibh. Street",ac.ipsum@arcu.net,03 76 91 21 00
802,Erwan,Haynes,Ap #660-827 Magna St.,nulla.Donec@lacusNullatincidunt.org,04 36 18 83 94
803,Zacharis,Patterson,6923 Aliquam Avenue,varius.et.euismod@consequatdolor.org,07 44 28 11 00
804,Cédric,Delacruz,"Ap #294-1519 Dolor, Rd.",Suspendisse.aliquet.sem@SeddictumProin.edu,07 04 31 12 03
805,Maryam,Cochran,335-4196 Ligula. Avenue,arcu.ac.orci@sit.org,04 13 91 27 64
806,Hugo,Randolph,"P.O. Box 207, 9857 Massa. Avenue",magnis.dis@Nunc.org,07 19 17 24 94
807,Bienvenue,Bauer,"P.O. Box 862, 4442 Nonummy Road",laoreet.lectus@non.edu,07 95 70 79 75
808,Dorian,Dillard,"P.O. Box 460, 826 Dui, Road",vel.est@quis.co.uk,04 39 72 50 10
809,Timothée,Oconnor,770-8097 Suspendisse St.,orci.Phasellus@ligula.org,09 91 79 69 93
810,Mathéo,Wilkerson,"Ap #900-9071 Id, Avenue",Vivamus.euismod@ornarelectusante.co.uk,06 06 45 34 55
811,Timéo,Cochran,6836 Fusce Avenue,dignissim@nuncullamcorper.ca,01 88 07 11 64
812,Jade,Townsend,"P.O. Box 512, 4545 Lectus Rd.",vel.sapien@arcuSed.net,03 65 10 39 81
813,Jordan,Ochoa,"P.O. Box 333, 8945 Magnis Street",Nulla@vestibulumnec.co.uk,05 04 10 40 31
814,Anaël,Powell,648-9623 Hendrerit. Rd.,pretium.aliquet.metus@maurisblandit.co.uk,09 91 07 48 14
815,Mehdi,Cardenas,386-9276 Commodo Ave,hendrerit.id.ante@vehiculaetrutrum.org,03 53 85 67 82
816,Léonie,Mccoy,670-4172 Nec Rd.,arcu.Vivamus@enim.co.uk,05 69 14 89 76
817,Arthur,Conway,Ap #893-1453 Aliquam St.,pretium.et.rutrum@Integerinmagna.net,03 67 84 13 82
818,Hugo,Macdonald,"695-3143 A, Av.",vitae@Morbi.net,09 51 61 49 44
819,Léon,Bradley,6362 Adipiscing Rd.,velit@rutrum.edu,06 64 83 97 59
820,Rémi,Bowers,"P.O. Box 402, 1260 Mi Av.",magna@laciniavitaesodales.edu,07 91 09 04 03
821,Fanny,Stein,"P.O. Box 577, 8549 Mauris Ave",ipsum.primis@rhoncus.co.uk,07 74 42 57 11
822,Thomas,Hernandez,2785 Sed Road,Duis.mi.enim@dolorelit.ca,08 86 67 70 89
823,Arthur,Moses,Ap #522-4020 Nec Avenue,dolor.Nulla@Maurisut.edu,06 33 89 74 26
824,Émile,Duran,"Ap #488-3553 Elementum, St.",vestibulum.lorem.sit@tortordictum.ca,05 44 37 22 18
825,Nathan,Weber,2000 Vel Rd.,erat.in.consectetuer@consectetueradipiscingelit.co.uk,04 39 57 69 02
826,Léonie,Jimenez,"P.O. Box 643, 2635 Amet Ave",lorem@velitSed.net,03 03 78 18 24
827,Katell,Johnston,Ap #347-9076 Nullam Rd.,pede.ultrices@duiFusce.org,06 83 47 73 66
828,Diego,Reynolds,Ap #116-8687 Ut Av.,est.Mauris.eu@felis.org,05 28 40 99 72
829,Sara,Sexton,Ap #347-6193 Sed St.,orci@purusmauris.net,03 68 51 08 74
830,Yasmine,Kramer,3720 Praesent Ave,mauris.id@maurissapiencursus.org,06 82 32 29 17
831,Ethan,Pollard,208-1476 Nisi Ave,neque.Morbi@luctusetultrices.ca,06 60 79 73 90
832,Alexis,Colon,Ap #354-9666 Neque Avenue,magna@tortornibh.net,05 20 42 56 47
833,Dorian,Andrews,"Ap #356-2240 Nec, Avenue",risus@duiinsodales.net,02 12 28 09 68
834,Lilian,Avery,Ap #344-2552 Arcu. Rd.,ac.tellus.Suspendisse@elitdictumeu.edu,05 46 25 02 52
835,Tom,Bright,Ap #574-8213 Quisque Av.,et.rutrum@Nuncpulvinar.org,03 90 88 15 53
836,Julia,Head,"Ap #784-3168 Montes, Avenue",Nunc.mauris.Morbi@veliteget.org,01 81 14 38 94
837,Alexandra,Bates,Ap #820-5806 Vel Street,sem@etmagnisdis.edu,09 24 23 43 60
838,Amélie,Padilla,"6738 Vel, St.",ac.fermentum@temporestac.ca,06 82 51 47 35
839,Thibault,Nguyen,Ap #318-7165 Mauris Avenue,id.sapien@velitegestaslacinia.ca,01 94 24 85 11
840,Lisa,Bailey,"271-3422 Id, Street",pede.nec.ante@Nuncmauriselit.edu,02 76 37 02 30
841,Julie,Larsen,302-1635 Consequat Rd.,interdum@a.edu,06 20 77 76 94
842,Lamia,Mullen,956-5060 Lacus. St.,iaculis.nec.eleifend@elitafeugiat.net,05 70 80 07 66
843,Noë,Mejia,7996 Nisi Av.,sagittis.semper@VivamusrhoncusDonec.net,09 95 58 63 78
844,Paul,Simmons,Ap #691-8090 Eu Rd.,aliquam.adipiscing@elitNullafacilisi.org,09 99 48 00 22
845,Evan,Brown,"677-5704 Consequat, Ave",Aenean.sed.pede@velnisl.com,07 07 97 10 34
846,Amélie,Fuentes,627-9327 Sociis Avenue,eu.ligula@tinciduntorciquis.co.uk,02 43 51 99 86
847,Léa,Duncan,"P.O. Box 276, 2873 Vel, Av.",Fusce@laciniaorci.edu,07 62 80 11 13
848,Capucine,Nieves,505-3473 Massa Rd.,orci@Nullamenim.co.uk,05 52 97 97 02
849,Léo,Boone,Ap #756-9049 Fringilla Ave,eu@lobortis.net,05 58 95 14 75
850,Élise,Wilkerson,"4089 Lacus, Rd.",Fusce.feugiat@velarcu.net,07 65 15 62 32
851,Simon,Richmond,1637 Massa. Avenue,lacus.Quisque.purus@consectetueradipiscingelit.edu,06 00 22 55 27
852,Baptiste,Michael,223-2642 Amet Av.,ac@Phasellusliberomauris.com,02 06 84 42 63
853,Maxime,Meyers,"P.O. Box 823, 9785 Cursus Street",eget@pharetra.ca,09 37 07 02 17
854,Antonin,Poole,Ap #790-3801 Ut Avenue,sollicitudin.commodo@lectussitamet.org,04 25 93 27 80
855,Élisa,Wolf,8081 Orci. Street,Nulla@augueSed.com,01 61 32 19 26
856,Angelina,Holmes,Ap #950-9542 Non Ave,pretium.neque@egestasAliquamnec.ca,09 71 76 30 35
857,Cloé,Rosario,"P.O. Box 843, 3380 Diam St.",volutpat.ornare.facilisis@vulputate.org,01 22 54 60 16
858,Élouan,Walter,Ap #242-9893 Lectus Street,Nulla@iaculis.org,02 09 09 62 63
859,Mélanie,Gibbs,"P.O. Box 755, 3421 Sollicitudin Rd.",sit@a.ca,08 36 45 69 69
860,Anaëlle,Osborn,Ap #805-3534 Magna Avenue,natoque@nec.org,02 57 15 93 76
861,Dorian,Buckley,"P.O. Box 615, 9216 Morbi Avenue",aliquam.arcu.Aliquam@placerateget.co.uk,01 58 99 93 58
862,Mathieu,Robinson,176-4080 Nunc St.,Phasellus.elit@sagittissemper.edu,02 55 52 87 87
863,Lena,Carson,1276 Lorem Road,risus.quis.diam@urnaconvalliserat.co.uk,09 38 42 36 17
864,Simon,Terry,"P.O. Box 894, 7299 Gravida St.",ipsum@duiFusce.org,04 55 25 23 45
865,Marine,Howell,953-5756 Et Ave,cursus.Integer@sodaleselit.ca,06 47 11 77 30
866,Théo,Macdonald,Ap #998-8577 At Av.,Donec.fringilla@convalliserateget.net,05 32 05 39 79
867,Louna,Schwartz,601-6749 Eu Road,ligula.Aenean@etmagnisdis.org,05 80 47 64 95
868,Renaud,Pace,Ap #440-5869 Etiam Street,Nullam.ut@tristiqueaceleifend.edu,04 80 70 77 78
869,Kevin,Mcfarland,138-8854 Curabitur Road,id.libero.Donec@nuncnulla.ca,03 52 23 18 73
870,Timothée,Salinas,Ap #354-7205 Luctus Rd.,lectus.Cum@egetnisi.ca,01 81 11 20 86
871,Nicolas,Tanner,Ap #799-2192 Vulputate Avenue,orci@scelerisque.ca,03 76 09 08 01
872,Gabriel,Freeman,"P.O. Box 980, 5005 Vel, Avenue",ut.pharetra@netuset.org,02 48 89 74 50
873,Charlotte,Graham,871-5898 Nunc. Rd.,dignissim.tempor@eu.com,04 44 15 58 91
874,Jordan,Klein,"P.O. Box 353, 6144 Tristique Street",habitant.morbi.tristique@mi.edu,06 93 83 92 49
875,Mehdi,Webster,530-3428 Dolor. St.,a.felis.ullamcorper@asollicitudin.ca,03 92 22 95 92
876,Lilou,Myers,Ap #430-5113 Mauris Ave,porta.elit.a@semvitaealiquam.net,05 01 85 74 85
877,Roméo,Burch,609-2892 Odio Road,laoreet.libero.et@velitPellentesque.net,04 03 28 05 95
878,Jordan,Frank,926-5249 Ultrices Av.,tincidunt.vehicula@tinciduntaliquamarcu.com,06 69 13 26 27
879,Colin,Guerrero,"P.O. Box 254, 1097 Mollis St.",ac@morbi.ca,04 65 01 73 71
880,Rose,Noble,735-3407 Eget St.,tellus.sem@liberoMorbi.edu,06 75 43 64 93
881,Louis,Wallace,"Ap #531-9715 Eu, Av.",commodo.hendrerit.Donec@malesuadavel.net,03 62 23 57 49
882,Émile,Larsen,783-9548 Neque Ave,Fusce.diam.nunc@mi.net,07 47 77 58 23
883,Gabriel,Walter,"P.O. Box 881, 2603 Ac Street",non.enim.Mauris@eueleifendnec.org,03 66 98 85 79
884,Mehdi,Black,Ap #997-6842 Aliquam Street,molestie.sodales.Mauris@malesuadavelconvallis.com,01 36 07 49 66
885,Tatiana,Michael,"P.O. Box 346, 3537 Sem, Street",Curae@maurissitamet.ca,04 14 73 55 79
886,Corentin,Golden,Ap #165-9980 Sed Avenue,Sed@urna.edu,02 11 78 15 41
887,Agathe,Sharp,"P.O. Box 746, 2076 Ac St.",ornare.In@indolor.com,08 51 83 52 96
888,Valentine,Good,479-5500 Quisque Rd.,adipiscing.Mauris.molestie@maurisMorbinon.com,02 74 14 29 22
889,Alexis,Shaw,"P.O. Box 740, 1481 Ligula. Road",egestas.lacinia@odiosemper.net,06 30 29 82 29
890,Amine,Booth,6608 Commodo Ave,dignissim.Maecenas@ultricesDuisvolutpat.net,07 40 63 51 67
891,Antoine,May,7841 Elit. Av.,Sed.nec.metus@nuncQuisqueornare.edu,06 02 73 80 52
892,Clara,Jarvis,"P.O. Box 225, 4283 Lorem Ave",aliquam.iaculis@ipsumprimisin.co.uk,08 77 75 47 37
893,Baptiste,Mckinney,Ap #665-9042 Est. St.,Duis@fringillaDonec.ca,09 09 42 19 75
894,Noémie,Mason,847-9351 Sit Av.,mauris.id@vulputate.org,01 24 38 85 45
895,Félix,Alston,"2341 Quis, Rd.",nec.ante@porttitorvulputate.co.uk,09 33 56 96 72
896,Louis,Henry,Ap #233-1184 Vestibulum Avenue,magna.Suspendisse.tristique@magnaUttincidunt.edu,07 64 38 97 62
897,Élouan,Salazar,"8090 A, Road",Nulla.facilisi.Sed@variusNamporttitor.com,02 94 69 75 76
898,Kilian,Rojas,Ap #566-2304 Neque Avenue,ac.libero@diamdictumsapien.net,09 27 10 51 66
899,Kevin,Moore,"P.O. Box 998, 7705 Vulputate Rd.",posuere@fringillaDonec.ca,01 02 90 49 57
900,Jasmine,Silva,409-7418 Neque Street,ipsum.ac.mi@Donectempor.org,09 39 03 40 97
901,Marine,Cannon,"P.O. Box 133, 1978 Libero Street",arcu@vitae.org,02 19 95 04 22
902,Mélanie,Schroeder,"P.O. Box 859, 7556 Tempor Ave",metus.In.lorem@adipiscingfringillaporttitor.com,03 32 55 49 63
903,Lilian,Perkins,9629 Fusce Ave,Donec.sollicitudin.adipiscing@pede.co.uk,07 55 16 38 59
904,Aaron,Mcintosh,"4247 Amet, Road",Lorem@purusin.net,01 50 44 79 94
905,Titouan,Mcleod,5341 Vel St.,ipsum.porta.elit@Fusce.ca,08 31 55 61 91
906,Félix,Wall,277-5217 Dapibus Road,In.tincidunt.congue@sitametlorem.co.uk,07 03 92 64 60
907,Guillaume,Carpenter,7691 Iaculis St.,elit.dictum.eu@Donecnibh.edu,09 07 91 40 17
908,Julia,Heath,Ap #522-585 Risus Rd.,arcu@dui.com,01 32 16 69 60
909,Léo,Compton,897-5597 Aliquam Av.,orci.Phasellus.dapibus@adipiscingligulaAenean.ca,02 92 60 41 17
910,Macéo,Mathis,"P.O. Box 883, 3608 Tristique Ave",in@risusaultricies.org,07 21 87 17 77
911,Esteban,Berry,"2437 Nec, Avenue",vitae.sodales.at@Proin.org,01 02 76 72 72
912,Tristan,Solis,300-3316 Aenean Street,risus.varius@nunc.ca,09 20 65 14 76
913,Erwan,Russell,2264 Pharetra St.,auctor@convallisligula.ca,01 68 23 86 36
914,Kyllian,Pratt,3606 Nulla St.,Suspendisse@etmalesuada.co.uk,02 41 84 12 17
915,Emmanuel,Macron,L'Elysée,emmanuel.macron@elysee.fr,"00 00 00 00 00 "
916,Marion,Blevins,1993 Aliquam Avenue,eget@sapienAenean.net,03 30 91 46 23
917,Maéva,Bennett,"P.O. Box 311, 4204 Mi. Rd.",tellus.faucibus.leo@loremacrisus.ca,05 98 42 67 97
918,Catherine,Cole,"P.O. Box 547, 9386 Risus. Av.",libero.Donec@Quisquefringillaeuismod.ca,01 78 91 16 40
919,Noah,Graves,164-7030 Elit. Ave,non.egestas@euenimEtiam.co.uk,06 10 17 89 66
920,Loevan,Washington,"Ap #661-8775 Vulputate, St.",a.sollicitudin.orci@ipsumdolor.org,01 98 68 84 57
921,Lutécia,Bernard,"9812 Eu, Av.",velit@euaccumsansed.edu,04 33 35 89 57
922,Lily,Pollard,"P.O. Box 878, 8503 Massa Rd.",id.ante@mi.ca,04 49 10 00 37
923,Bienvenue,Young,367-8296 Tincidunt Av.,interdum.Curabitur@neque.ca,07 41 06 53 99
924,Emma,Carney,Ap #539-7829 Odio Av.,odio@vitaeorciPhasellus.net,05 93 87 53 86
925,Tom,Dillon,"P.O. Box 155, 5934 Nisl. Rd.",leo.Vivamus@neque.ca,04 25 60 81 08
926,Alicia,Emerson,806-4042 Ut Road,magna.Phasellus.dolor@ridiculus.edu,01 27 03 79 39
927,Jules,Cole,"P.O. Box 817, 5847 Ridiculus Rd.",molestie@diam.org,05 86 87 57 37
928,Esteban,Carroll,535-1452 Magna. Street,eget.venenatis.a@nibhdolor.net,06 62 37 77 95
929,Lucas,Knapp,8163 Enim Rd.,pellentesque@inaliquetlobortis.org,02 56 67 92 61
930,Ethan,Cooke,Ap #344-7463 Ut Avenue,Duis.cursus@Aliquam.net,05 70 12 53 13
931,Tom,Johnston,"P.O. Box 682, 7539 Tempor Av.",eu.nulla.at@vitaesodalesnisi.org,04 86 84 47 65
932,Zacharis,Phelps,Ap #740-8084 Sociis St.,posuere.cubilia@consequatlectussit.com,09 95 16 35 34
933,Guillaume,Lancaster,9460 In Av.,lorem@gravidaAliquam.com,06 73 32 21 12
934,Pauline,Dixon,424-4659 Nascetur St.,rutrum.magna@Donec.net,06 41 23 27 41
935,Rosalie,Mendoza,985-3520 Elementum Street,Curabitur.egestas.nunc@portaelit.co.uk,04 76 71 56 27
936,Quentin,Bonner,Ap #901-8005 Velit Rd.,vestibulum.nec.euismod@consequat.com,06 61 51 45 58
937,Mathieu,Schroeder,Ap #890-8367 Mauris Street,facilisis@vitaerisusDuis.net,03 70 46 46 27
938,Amine,Powers,"Ap #938-7195 In, Road",risus@tortorNunccommodo.co.uk,05 79 48 68 46
939,Samuel,Bolton,Ap #916-642 Magna Road,metus.eu@erat.com,02 37 62 33 21
940,Chloé,Cruz,486 Magnis Road,eleifend.Cras.sed@elit.edu,04 15 18 99 59
941,Colin,Whitaker,"7758 In, St.",metus.sit@lectusa.com,01 05 02 65 96
942,Gaspard,Cain,"P.O. Box 471, 3635 Vivamus Ave",sed.dictum@enimEtiamgravida.edu,07 86 85 52 36
943,Maéva,Greene,"683-5730 Montes, Street",fringilla.cursus.purus@imperdieterat.co.uk,05 39 68 54 08
944,Mehdi,Munim,"P.O. Box 259, 3955 Semper. Avenue",posuere.cubilia@ac.co.uk,01 53 24 28 20
945,Timéo,Ford,411-6601 Aenean Rd.,arcu.Aliquam@uteros.com,05 26 90 18 19
946,Yasmine,White,9408 Arcu. Rd.,volutpat.ornare@molestiesodalesMauris.org,01 88 45 81 39
947,Océane,York,676-4756 In Street,Fusce@iaculis.co.uk,06 30 24 69 64
948,Inès,Armstrong,6642 Cursus Rd.,Nam.interdum@nunc.edu,01 87 43 03 62
949,Thomas,Camacho,Ap #762-7387 Natoque Road,at.egestas.a@liberoestcongue.ca,05 17 54 09 58
950,Léo,Cox,"P.O. Box 954, 6744 Quis Av.",elit@dictumeleifend.ca,05 33 04 61 57
951,Yasmine,Blankenship,6457 Ut Rd.,tortor.dictum@Aliquam.com,07 90 70 44 86
952,Aaron,Hart,321-2327 Nullam Av.,in.consectetuer.ipsum@Sedidrisus.org,08 90 15 08 85
953,Solene,Alexander,Ap #827-3078 Vitae Av.,ante.ipsum.primis@lectusquismassa.org,03 24 13 20 62
954,Angelina,Hendrix,412-8433 Dictum. Rd.,ut.ipsum@Aliquamadipiscing.com,07 76 93 98 02
955,Dimitri,Tran,Ap #446-5018 Proin Ave,risus.In@euarcu.org,01 05 58 34 07
956,Nicolas,Jarvis,238-3349 Sit Rd.,Quisque.purus@pretium.edu,01 79 83 68 97
957,Adrien,Barr,4696 Nullam Avenue,consectetuer.ipsum.nunc@nisiAeneaneget.edu,04 02 52 13 66
958,Gaspard,Mcdaniel,307-659 Dictum Av.,nibh.Aliquam.ornare@etpede.com,04 56 45 79 86
959,Marie,Chen,"P.O. Box 311, 6318 Malesuada St.",ipsum.non@Aliquamtinciduntnunc.org,02 89 44 75 28
960,Lucie,Roberts,668-6473 Erat Avenue,felis@amet.net,02 15 15 73 36
961,Justine,Ellis,5481 Diam Avenue,ornare@ridiculusmus.ca,09 50 77 07 55
962,Maxence,Lloyd,Ap #691-9926 Sit Street,elit.sed@justoProinnon.edu,03 85 94 81 11
963,Éloïse,Renard,1925 Tellus Rd.,Sed.nulla@vitae.net,09 93 65 06 21
964,Noah,Flowers,2117 Augue Road,dictum.sapien@gravida.co.uk,03 77 26 86 96
965,Robin,Young,2006 Etiam Rd.,Nullam.suscipit.est@faucibus.org,04 94 55 99 31
966,Célia,Willis,Ap #841-4927 Neque Rd.,erat@eratneque.ca,09 91 88 39 63
967,Malik,Bird,"P.O. Box 918, 9431 Donec Road",fermentum@malesuadavel.org,06 95 91 83 72
968,Noah,Lindsay,5353 Eleifend Road,mauris@nonjusto.edu,05 58 14 32 33
969,Lola,Farley,Ap #203-1627 Non Rd.,Phasellus@nuncinterdum.co.uk,02 36 59 23 64
970,Pauline,Alford,742-4541 Suspendisse Rd.,tincidunt.nunc@scelerisque.net,01 09 17 43 33
971,Julien,Irwin,854-4866 Venenatis Street,vitae@nonsollicitudin.ca,07 04 24 39 96
972,Marine,Mitchell,"P.O. Box 482, 5159 Quisque Ave",odio.Nam.interdum@neque.co.uk,01 10 93 59 25
973,Yohan,Campbell,"P.O. Box 341, 1133 Nec Rd.",turpis@etarcu.co.uk,06 46 89 44 78
974,Gaspard,Dillon,"2400 In, Rd.",sagittis@variusorci.edu,03 72 84 96 61
975,Élise,Goodwin,"P.O. Box 349, 7593 Erat Avenue",justo.eu@Aliquameratvolutpat.org,05 07 34 14 25
976,Léonard,Mccarty,"P.O. Box 457, 3474 Luctus Ave",cursus.et@quam.org,04 53 49 43 81
977,Timothée,Ingram,Ap #990-3509 Elit St.,arcu@ipsumporta.org,05 66 86 34 45
978,Antonin,Copeland,"Ap #979-1668 Mi, Av.",justo@tortor.com,01 97 80 42 74
979,Lilian,Shannon,3800 Et Street,amet.consectetuer.adipiscing@duinec.co.uk,03 02 11 78 28
980,Macéo,Dixon,Ap #661-4212 Iaculis Avenue,at.auctor.ullamcorper@consequatnecmollis.net,09 94 58 24 48
981,Inès,Payne,5663 Nascetur St.,aliquam@convallis.net,03 16 17 77 64
982,Lena,Adkins,"P.O. Box 902, 737 Senectus Street",montes.nascetur.ridiculus@Duisrisusodio.co.uk,02 97 70 62 65
983,Corentin,Santos,"P.O. Box 382, 5310 Feugiat Rd.",In@nascetur.net,04 52 20 78 03
984,Arthur,Woodard,3545 Curae; Rd.,non.lacinia.at@conubianostraper.net,02 21 36 64 85
985,Rosalie,Williamson,263-1720 Est. Avenue,pharetra.felis@odioEtiam.ca,04 33 48 89 93
986,Fanny,Church,Ap #525-3494 Et Avenue,auctor@molestiesodales.com,03 33 75 68 65
987,Edwige,Hale,"Ap #291-9122 Id, Ave",dictum@aliquameu.com,03 99 14 09 58
988,Élise,Daniels,"P.O. Box 796, 9955 Orci, Av.",lacus@Nullamlobortis.com,07 14 80 40 86
989,Julien,Contreras,963-3769 Malesuada St.,egestas.nunc@non.ca,07 62 12 43 45
990,Clément,Park,Ap #400-7713 Molestie St.,Proin.vel.nisl@vitaeeratvel.edu,01 42 88 45 78
991,Davy,Sheppard,114-1244 Sit St.,sapien@pharetra.ca,04 58 91 17 54
992,Martin,Vega,246-8496 Nibh Rd.,nec.malesuada@cursus.org,09 68 93 64 12
993,Martin,Camacho,8629 Neque. Street,Proin@fermentum.org,06 15 40 46 40
994,Émile,Jordan,791-7596 Aliquam Ave,dolor.quam@natoquepenatibus.ca,01 14 19 39 36
995,Lorenzo,Herman,436 Nonummy Rd.,hendrerit.consectetuer@arcu.org,05 83 58 59 04
996,Kyllian,Calhoun,"P.O. Box 364, 645 Sit Rd.",orci.Phasellus.dapibus@elementumpurusaccumsan.net,08 78 80 39 64
997,Mélanie,Riggs,229-2308 Libero Av.,sit.amet@euodioPhasellus.org,04 98 81 43 34
998,Chloé,Conway,"P.O. Box 435, 6756 In Avenue",molestie.arcu.Sed@rhoncus.org,07 87 12 58 63
999,Katell,Gamble,9023 Dictum Rd.,a@Fusce.edu,05 98 39 81 93
1000,Albert,Einstein,Paradis,albert.einstein@gmail.com,00 00 00 00 00